-- MySQL dump 10.13  Distrib 8.0.23, for Win64 (x86_64)
--
-- Host: 127.0.0.1    Database: ultrafastbudget
-- ------------------------------------------------------
-- Server version	5.5.5-10.5.23-MariaDB-0+deb11u1

/*!40101 SET @OLD_CHARACTER_SET_CLIENT=@@CHARACTER_SET_CLIENT */;
/*!40101 SET @OLD_CHARACTER_SET_RESULTS=@@CHARACTER_SET_RESULTS */;
/*!40101 SET @OLD_COLLATION_CONNECTION=@@COLLATION_CONNECTION */;
/*!50503 SET NAMES utf8mb4 */;
/*!40103 SET @OLD_TIME_ZONE=@@TIME_ZONE */;
/*!40103 SET TIME_ZONE='+00:00' */;
/*!40014 SET @OLD_UNIQUE_CHECKS=@@UNIQUE_CHECKS, UNIQUE_CHECKS=0 */;
/*!40014 SET @OLD_FOREIGN_KEY_CHECKS=@@FOREIGN_KEY_CHECKS, FOREIGN_KEY_CHECKS=0 */;
/*!40101 SET @OLD_SQL_MODE=@@SQL_MODE, SQL_MODE='NO_AUTO_VALUE_ON_ZERO' */;
/*!40111 SET @OLD_SQL_NOTES=@@SQL_NOTES, SQL_NOTES=0 */;

--
-- Table structure for table `ACCOUNT`
--

DROP TABLE IF EXISTS `ACCOUNT`;
/*!40101 SET @saved_cs_client     = @@character_set_client */;
/*!50503 SET character_set_client = utf8mb4 */;
CREATE TABLE `ACCOUNT` (
  `ID` int(20) NOT NULL AUTO_INCREMENT,
  `USER_ID` int(20) NOT NULL,
  `ACCOUNT_TYPE_ID` int(20) NOT NULL,
  `NAME` varchar(45) NOT NULL,
  `CURRENCY` enum('EUR','USD','JPY','CNY') NOT NULL DEFAULT 'EUR',
  `INITIAL_BALANCE` float NOT NULL,
  `BALANCE` float NOT NULL,
  `CREATION_DATE` datetime NOT NULL,
  `MODIFICATION_DATE` datetime DEFAULT NULL,
  PRIMARY KEY (`ID`),
  KEY `USER_ID` (`USER_ID`),
  KEY `ACCOUNT_TYPE_ID` (`ACCOUNT_TYPE_ID`),
  CONSTRAINT `ACCOUNT_ACCOUNT_TYPE_FK` FOREIGN KEY (`ACCOUNT_TYPE_ID`) REFERENCES `ACCOUNT_TYPE` (`ID`),
  CONSTRAINT `ACCOUNT_ibfk_1` FOREIGN KEY (`USER_ID`) REFERENCES `USER` (`ID`) ON DELETE CASCADE
) ENGINE=InnoDB AUTO_INCREMENT=18 DEFAULT CHARSET=utf8mb4 COLLATE=utf8mb4_general_ci;
/*!40101 SET character_set_client = @saved_cs_client */;

--
-- Dumping data for table `ACCOUNT`
--

LOCK TABLES `ACCOUNT` WRITE;
/*!40000 ALTER TABLE `ACCOUNT` DISABLE KEYS */;
INSERT INTO `ACCOUNT` VALUES (1,1,1,'Portefeuille','EUR',70,57.1,'2024-07-01 14:04:34','2024-10-01 09:03:49'),(2,1,2,'Courant','EUR',1685.46,2699.11,'2024-07-01 14:05:02','2024-10-01 08:59:43'),(3,1,3,'Livret A','EUR',23068.3,23068.3,'2024-07-01 14:05:16','2024-07-01 14:05:16'),(5,1,5,'LEP','EUR',4530,6780,'2024-07-01 14:06:31','2024-10-01 08:59:43'),(8,1,8,'PEL','EUR',3268.27,3568.27,'2024-07-01 14:07:39','2024-10-01 08:59:43'),(11,1,11,'Liquiditées','EUR',20.03,477.345,'2024-07-01 14:08:40','2024-10-01 08:59:43'),(12,1,12,'Portefeuille (Actions)','EUR',28.45,28.45,'2024-07-01 14:09:35','2024-07-01 15:04:33'),(13,2,14,'ccp','EUR',1016,2032,'2024-09-03 17:17:00','2024-09-06 08:00:00'),(14,2,15,'L.A','EUR',0,0,'2024-09-03 17:17:28','2024-09-03 17:17:28'),(15,3,24,'MA BOURSE WALLAH','EUR',-162,1301.08,'2024-09-28 15:18:48','2024-09-30 20:49:30'),(16,3,25,'Livret atchoum','EUR',0,0,'2024-09-28 15:19:39','2024-09-28 15:19:39'),(17,3,27,'LEP','EUR',500,500,'2024-09-28 15:20:00','2024-09-28 15:20:00');
/*!40000 ALTER TABLE `ACCOUNT` ENABLE KEYS */;
UNLOCK TABLES;

--
-- Table structure for table `ACCOUNT_TYPE`
--

DROP TABLE IF EXISTS `ACCOUNT_TYPE`;
/*!40101 SET @saved_cs_client     = @@character_set_client */;
/*!50503 SET character_set_client = utf8mb4 */;
CREATE TABLE `ACCOUNT_TYPE` (
  `ID` int(20) NOT NULL AUTO_INCREMENT,
  `USER_ID` int(20) NOT NULL,
  `NAME` varchar(45) NOT NULL,
  `TYPE` varchar(45) NOT NULL,
  `COLOR` varchar(45) NOT NULL,
  `CLASS_NAME` varchar(45) NOT NULL,
  `INTEREST` float NOT NULL,
  `UNIT` enum('YEAR','MONTH','WEEK','DAY') DEFAULT 'MONTH',
  `MAX_AMOUNT` float NOT NULL,
  `CREATION_DATE` datetime NOT NULL,
  `MODIFICATION_DATE` datetime DEFAULT NULL,
  PRIMARY KEY (`ID`),
  KEY `USER_ID` (`USER_ID`),
  CONSTRAINT `ACCOUNT_TYPE_ibfk_1` FOREIGN KEY (`USER_ID`) REFERENCES `USER` (`ID`) ON DELETE CASCADE
) ENGINE=InnoDB AUTO_INCREMENT=33 DEFAULT CHARSET=utf8mb4 COLLATE=utf8mb4_general_ci;
/*!40101 SET character_set_client = @saved_cs_client */;

--
-- Dumping data for table `ACCOUNT_TYPE`
--

LOCK TABLES `ACCOUNT_TYPE` WRITE;
/*!40000 ALTER TABLE `ACCOUNT_TYPE` DISABLE KEYS */;
INSERT INTO `ACCOUNT_TYPE` VALUES (1,1,'Portefeuille','WALLET','#cc0f35','is-danger is-light',0,NULL,0,'2024-07-01 12:29:31','2024-07-01 12:29:31'),(2,1,'Compte courant','COURANT','#638d5c','is-white',0,NULL,0,'2024-07-01 12:29:31','2024-07-01 12:29:31'),(3,1,'Livret A','LIVRETA','#000000','is-black',3,'YEAR',22950,'2024-07-01 12:29:31','2024-07-01 12:29:31'),(4,1,'Livret de développement durable et solidaire','LDDS','#888888','is-light',3,'YEAR',12000,'2024-07-01 12:29:31','2024-07-01 12:29:31'),(5,1,'Livret dépargne populaire','LEP','#FFE08AFF','is-warning',4,'YEAR',10000,'2024-07-01 12:29:32','2024-07-01 12:29:32'),(6,1,'Livret jeune','LIVRETJ','#00D1B2FF','is-primary',3,'YEAR',1600,'2024-07-01 12:29:32','2024-07-01 12:29:32'),(7,1,'Compte épargne logement','CEL','#485FC7FF','is-link',2,'YEAR',15300,'2024-07-01 12:29:32','2024-07-01 12:29:32'),(8,1,'Plan épargne logement','PEL','#a974ff','.is-link.is-light',2,'YEAR',61200,'2024-07-01 12:29:32','2024-07-01 12:29:32'),(9,1,'Plan épargne retraite populaire','PERP','#3E8ED0FF','is-info',2,'YEAR',0,'2024-07-01 12:29:32','2024-07-01 12:29:32'),(10,1,'Compte sur livret','CSL','#48C78EFF','is-success',0,'YEAR',0,'2024-07-01 12:29:32','2024-07-01 12:29:32'),(11,1,'Trading 212 L','TRADING212L','lightblue','is-info is-light',4.2,'DAY',0,'2024-07-01 13:41:48','2024-07-01 13:41:48'),(12,1,'Trading 212 A','TRADING212A','lightblue','is-info is-light',0,'YEAR',0,'2024-07-01 13:41:48','2024-07-01 13:41:48'),(13,2,'Portefeuille','WALLET','#cc0f35','is-danger is-light',0,NULL,0,'2024-09-03 17:08:26','2024-09-03 17:08:26'),(14,2,'Compte courant','COURANT','#638d5c','is-white',0,NULL,0,'2024-09-03 17:08:26','2024-09-03 17:08:26'),(15,2,'Livret A','LIVRETA','#000000','is-black',3,'YEAR',22950,'2024-09-03 17:08:26','2024-09-03 17:08:26'),(16,2,'Livret de développement durable et solidaire','LDDS','#888888','is-light',3,'YEAR',12000,'2024-09-03 17:08:26','2024-09-03 17:08:26'),(17,2,'Livret dépargne populaire','LEP','#FFE08AFF','is-warning',4,'YEAR',10000,'2024-09-03 17:08:26','2024-09-03 17:08:26'),(18,2,'Livret jeune','LIVRETJ','#00D1B2FF','is-primary',3,'YEAR',1600,'2024-09-03 17:08:26','2024-09-03 17:08:26'),(19,2,'Compte épargne logement','CEL','#485FC7FF','is-link',2,'YEAR',15300,'2024-09-03 17:08:26','2024-09-03 17:08:26'),(20,2,'Plan épargne logement','PEL','#a974ff','.is-link.is-light',2,'YEAR',61200,'2024-09-03 17:08:26','2024-09-03 17:08:26'),(21,2,'Plan épargne retraite populaire','PERP','#3E8ED0FF','is-info',2,'YEAR',0,'2024-09-03 17:08:26','2024-09-03 17:08:26'),(22,2,'Compte sur livret','CSL','#48C78EFF','is-success',0,'YEAR',0,'2024-09-03 17:08:26','2024-09-03 17:08:26'),(23,3,'Portefeuille','WALLET','#cc0f35','is-danger is-light',0,NULL,0,'2024-09-28 15:14:57','2024-09-28 15:14:57'),(24,3,'Compte courant','COURANT','#638d5c','is-white',0,NULL,0,'2024-09-28 15:14:58','2024-09-28 15:14:58'),(25,3,'Livret A','LIVRETA','#000000','is-black',3,'YEAR',22950,'2024-09-28 15:14:58','2024-09-28 15:14:58'),(26,3,'Livret de développement durable et solidaire','LDDS','#888888','is-light',3,'YEAR',12000,'2024-09-28 15:14:58','2024-09-28 15:14:58'),(27,3,'Livret dépargne populaire','LEP','#FFE08AFF','is-warning',4,'YEAR',10000,'2024-09-28 15:14:58','2024-09-28 15:14:58'),(28,3,'Livret jeune','LIVRETJ','#00D1B2FF','is-primary',3,'YEAR',1600,'2024-09-28 15:14:58','2024-09-28 15:14:58'),(29,3,'Compte épargne logement','CEL','#485FC7FF','is-link',2,'YEAR',15300,'2024-09-28 15:14:58','2024-09-28 15:14:58'),(30,3,'Plan épargne logement','PEL','#a974ff','.is-link.is-light',2,'YEAR',61200,'2024-09-28 15:14:58','2024-09-28 15:14:58'),(31,3,'Plan épargne retraite populaire','PERP','#3E8ED0FF','is-info',2,'YEAR',0,'2024-09-28 15:14:58','2024-09-28 15:14:58'),(32,3,'Compte sur livret','CSL','#48C78EFF','is-success',0,'YEAR',0,'2024-09-28 15:14:58','2024-09-28 15:14:58');
/*!40000 ALTER TABLE `ACCOUNT_TYPE` ENABLE KEYS */;
UNLOCK TABLES;

--
-- Table structure for table `BUDGET`
--

DROP TABLE IF EXISTS `BUDGET`;
/*!40101 SET @saved_cs_client     = @@character_set_client */;
/*!50503 SET character_set_client = utf8mb4 */;
CREATE TABLE `BUDGET` (
  `ID` int(20) NOT NULL AUTO_INCREMENT,
  `USER_ID` int(20) NOT NULL,
  `NAME` varchar(45) NOT NULL,
  `TOTAL_AMOUNT` float NOT NULL,
  `TOTAL_ALLOCATED_AMOUNT` float NOT NULL,
  `DURATION` int(20) NOT NULL,
  `UNIT` enum('YEAR','MONTH','WEEK','DAY') NOT NULL DEFAULT 'MONTH',
  `CATEGORY_ID` int(20) NOT NULL,
  `DATA` text DEFAULT NULL,
  `CREATION_DATE` datetime NOT NULL,
  `MODIFICATION_DATE` datetime DEFAULT NULL,
  PRIMARY KEY (`ID`),
  KEY `USER_ID` (`USER_ID`),
  KEY `CATEGORY_ID` (`CATEGORY_ID`),
  CONSTRAINT `BUDGET_ibfk_1` FOREIGN KEY (`USER_ID`) REFERENCES `USER` (`ID`) ON DELETE CASCADE,
  CONSTRAINT `BUDGET_ibfk_2` FOREIGN KEY (`CATEGORY_ID`) REFERENCES `CATEGORY` (`ID`) ON DELETE CASCADE
) ENGINE=InnoDB AUTO_INCREMENT=11 DEFAULT CHARSET=utf8mb4 COLLATE=utf8mb4_general_ci;
/*!40101 SET character_set_client = @saved_cs_client */;

--
-- Dumping data for table `BUDGET`
--

LOCK TABLES `BUDGET` WRITE;
/*!40000 ALTER TABLE `BUDGET` DISABLE KEYS */;
INSERT INTO `BUDGET` VALUES (4,1,'Alimentation',186.76,215,1,'MONTH',1,'[{\"subCategory\":{\"id\":1,\"userId\":1,\"categoryId\":1,\"name\":\"Alimentation\",\"type\":\"FOOD\",\"imagePath\":\"1-Billy/subcategories/food.png\",\"creationDate\":\"2024-07-01T12:29:31.000Z\",\"modificationDate\":\"2024-07-01T12:29:31.000Z\"},\"totalAmount\":\"0\",\"amount\":156.01000000000002},{\"subCategory\":{\"id\":3,\"userId\":1,\"categoryId\":1,\"name\":\"Restaurant\",\"type\":\"RESTAURANT\",\"imagePath\":\"1-Billy/subcategories/restaurant.png\",\"creationDate\":\"2024-07-01T12:29:31.000Z\",\"modificationDate\":\"2024-07-01T12:29:31.000Z\"},\"totalAmount\":\"0\",\"amount\":30.75},{\"subCategory\":{\"id\":4,\"userId\":1,\"categoryId\":1,\"name\":\"Bar\",\"type\":\"BAR\",\"imagePath\":\"1-Billy/subcategories/bar.png\",\"creationDate\":\"2024-07-01T12:29:31.000Z\",\"modificationDate\":\"2024-07-01T12:29:31.000Z\"},\"totalAmount\":\"0\",\"amount\":0},{\"subCategory\":{\"id\":45,\"userId\":1,\"categoryId\":1,\"name\":\"Uber Eats\",\"type\":\"uber-eats\",\"imagePath\":\"1-Billy/subcategories/uber-eats.png\",\"creationDate\":\"2024-07-01T13:30:59.000Z\",\"modificationDate\":\"2024-07-01T13:30:59.000Z\"},\"totalAmount\":\"0\",\"amount\":0}]','2024-07-26 23:58:10','2024-07-31 10:39:24'),(8,1,'Divertissement',161.1,150,1,'MONTH',4,'[{\"subCategory\":{\"id\":15,\"userId\":1,\"categoryId\":4,\"name\":\"Divertissement\",\"type\":\"ENTERTAINMENT\",\"imagePath\":\"1-Billy/subcategories/entertainment.png\",\"creationDate\":\"2024-07-01T12:29:31.000Z\",\"modificationDate\":\"2024-07-01T12:29:31.000Z\"},\"totalAmount\":\"0\",\"amount\":0},{\"subCategory\":{\"id\":16,\"userId\":1,\"categoryId\":4,\"name\":\"Livres/Revues\",\"type\":\"BOOKS\",\"imagePath\":\"1-Billy/subcategories/books.png\",\"creationDate\":\"2024-07-01T12:29:31.000Z\",\"modificationDate\":\"2024-07-01T12:29:31.000Z\"},\"totalAmount\":\"0\",\"amount\":0},{\"subCategory\":{\"id\":39,\"userId\":1,\"categoryId\":4,\"name\":\"Nikke\",\"type\":\"nikke\",\"imagePath\":\"1-Billy/subcategories/nikke.jpg\",\"creationDate\":\"2024-07-01T13:24:37.000Z\",\"modificationDate\":\"2024-07-01T13:24:37.000Z\"},\"totalAmount\":\"0\",\"amount\":103.56},{\"subCategory\":{\"id\":40,\"userId\":1,\"categoryId\":4,\"name\":\"Steam\",\"type\":\"steam\",\"imagePath\":\"1-Billy/subcategories/steam.png\",\"creationDate\":\"2024-07-01T13:27:40.000Z\",\"modificationDate\":\"2024-07-01T17:12:32.000Z\"},\"totalAmount\":\"0\",\"amount\":4.99},{\"subCategory\":{\"id\":42,\"userId\":1,\"categoryId\":4,\"name\":\"War Thunder\",\"type\":\"war-thunder\",\"imagePath\":\"1-Billy/subcategories/war-thunder.png\",\"creationDate\":\"2024-07-01T13:28:21.000Z\",\"modificationDate\":\"2024-07-01T13:28:21.000Z\"},\"totalAmount\":\"0\",\"amount\":0},{\"subCategory\":{\"id\":43,\"userId\":1,\"categoryId\":4,\"name\":\"Enlisted\",\"type\":\"enlisted\",\"imagePath\":\"1-Billy/subcategories/enlisted.png\",\"creationDate\":\"2024-07-01T13:28:34.000Z\",\"modificationDate\":\"2024-07-01T13:28:34.000Z\"},\"totalAmount\":\"0\",\"amount\":0},{\"subCategory\":{\"id\":52,\"userId\":1,\"categoryId\":4,\"name\":\"Luvr.ai\",\"type\":\"luvr-ai\",\"imagePath\":\"1-Billy/subcategories/luvr-ai.png\",\"creationDate\":\"2024-07-01T13:39:48.000Z\",\"modificationDate\":\"2024-07-01T13:39:48.000Z\"},\"totalAmount\":\"0\",\"amount\":43.38},{\"subCategory\":{\"id\":54,\"userId\":1,\"categoryId\":4,\"name\":\"Azur Lane\",\"type\":\"azur-lane\",\"imagePath\":\"1-Billy/subcategories/azur-lane.png\",\"creationDate\":\"2024-07-16T13:29:41.000Z\",\"modificationDate\":\"2024-07-16T13:29:41.000Z\"},\"totalAmount\":\"0\",\"amount\":9.17}]','2024-07-29 13:20:33','2024-07-29 13:20:33'),(9,1,'Nourriture',176.59,215,1,'MONTH',1,'[{\"subCategory\":{\"id\":1,\"userId\":1,\"categoryId\":1,\"name\":\"Alimentation\",\"type\":\"FOOD\",\"imagePath\":\"1-Billy/subcategories/food.png\",\"creationDate\":\"2024-07-01T12:29:31.000Z\",\"modificationDate\":\"2024-07-01T12:29:31.000Z\"},\"totalAmount\":\"0\",\"amount\":176.59000000000003},{\"subCategory\":{\"id\":3,\"userId\":1,\"categoryId\":1,\"name\":\"Restaurant\",\"type\":\"RESTAURANT\",\"imagePath\":\"1-Billy/subcategories/restaurant.png\",\"creationDate\":\"2024-07-01T12:29:31.000Z\",\"modificationDate\":\"2024-07-01T12:29:31.000Z\"},\"totalAmount\":\"0\",\"amount\":0},{\"subCategory\":{\"id\":4,\"userId\":1,\"categoryId\":1,\"name\":\"Bar\",\"type\":\"BAR\",\"imagePath\":\"1-Billy/subcategories/bar.png\",\"creationDate\":\"2024-07-01T12:29:31.000Z\",\"modificationDate\":\"2024-07-01T12:29:31.000Z\"},\"totalAmount\":\"0\",\"amount\":0},{\"subCategory\":{\"id\":45,\"userId\":1,\"categoryId\":1,\"name\":\"Uber Eats\",\"type\":\"uber-eats\",\"imagePath\":\"1-Billy/subcategories/uber-eats.png\",\"creationDate\":\"2024-07-01T13:30:59.000Z\",\"modificationDate\":\"2024-07-01T13:30:59.000Z\"},\"totalAmount\":\"0\",\"amount\":0}]','2024-09-01 12:55:06','2024-09-27 10:49:56'),(10,1,'Divertissement',506.79,150,1,'MONTH',4,'[{\"subCategory\":{\"id\":15,\"userId\":1,\"categoryId\":4,\"name\":\"Divertissement\",\"type\":\"ENTERTAINMENT\",\"imagePath\":\"1-Billy/subcategories/entertainment.png\",\"creationDate\":\"2024-07-01T12:29:31.000Z\",\"modificationDate\":\"2024-07-01T12:29:31.000Z\"},\"totalAmount\":\"0\",\"amount\":282.25},{\"subCategory\":{\"id\":16,\"userId\":1,\"categoryId\":4,\"name\":\"Livres/Revues\",\"type\":\"BOOKS\",\"imagePath\":\"1-Billy/subcategories/books.png\",\"creationDate\":\"2024-07-01T12:29:31.000Z\",\"modificationDate\":\"2024-07-01T12:29:31.000Z\"},\"totalAmount\":\"0\",\"amount\":0},{\"subCategory\":{\"id\":39,\"userId\":1,\"categoryId\":4,\"name\":\"Nikke\",\"type\":\"nikke\",\"imagePath\":\"1-Billy/subcategories/nikke.jpg\",\"creationDate\":\"2024-07-01T13:24:37.000Z\",\"modificationDate\":\"2024-07-01T13:24:37.000Z\"},\"totalAmount\":\"0\",\"amount\":143.81000000000003},{\"subCategory\":{\"id\":40,\"userId\":1,\"categoryId\":4,\"name\":\"Steam\",\"type\":\"steam\",\"imagePath\":\"1-Billy/subcategories/steam.png\",\"creationDate\":\"2024-07-01T13:27:40.000Z\",\"modificationDate\":\"2024-07-01T17:12:32.000Z\"},\"totalAmount\":\"0\",\"amount\":0},{\"subCategory\":{\"id\":42,\"userId\":1,\"categoryId\":4,\"name\":\"War Thunder\",\"type\":\"war-thunder\",\"imagePath\":\"1-Billy/subcategories/war-thunder.png\",\"creationDate\":\"2024-07-01T13:28:21.000Z\",\"modificationDate\":\"2024-07-01T13:28:21.000Z\"},\"totalAmount\":\"0\",\"amount\":0},{\"subCategory\":{\"id\":43,\"userId\":1,\"categoryId\":4,\"name\":\"Enlisted\",\"type\":\"enlisted\",\"imagePath\":\"1-Billy/subcategories/enlisted.png\",\"creationDate\":\"2024-07-01T13:28:34.000Z\",\"modificationDate\":\"2024-07-01T13:28:34.000Z\"},\"totalAmount\":\"0\",\"amount\":0},{\"subCategory\":{\"id\":48,\"userId\":1,\"categoryId\":4,\"name\":\"Sankaku\",\"type\":\"sankaku\",\"imagePath\":\"1-Billy/subcategories/sankaku.png\",\"creationDate\":\"2024-07-01T13:33:03.000Z\",\"modificationDate\":\"2024-07-01T13:33:03.000Z\"},\"totalAmount\":\"0\",\"amount\":0},{\"subCategory\":{\"id\":52,\"userId\":1,\"categoryId\":4,\"name\":\"Luvr.ai\",\"type\":\"luvr-ai\",\"imagePath\":\"1-Billy/subcategories/luvr-ai.png\",\"creationDate\":\"2024-07-01T13:39:48.000Z\",\"modificationDate\":\"2024-07-01T13:39:48.000Z\"},\"totalAmount\":\"0\",\"amount\":9.02},{\"subCategory\":{\"id\":54,\"userId\":1,\"categoryId\":4,\"name\":\"Azur Lane\",\"type\":\"azur-lane\",\"imagePath\":\"1-Billy/subcategories/azur-lane.png\",\"creationDate\":\"2024-07-16T13:29:41.000Z\",\"modificationDate\":\"2024-07-16T13:29:41.000Z\"},\"totalAmount\":\"0\",\"amount\":9.4},{\"subCategory\":{\"id\":55,\"userId\":1,\"categoryId\":4,\"name\":\"Snowbreak\",\"type\":\"snowbreak\",\"imagePath\":\"1-Billy/subcategories/snowbreak.jpg\",\"creationDate\":\"2024-08-06T17:11:24.000Z\",\"modificationDate\":\"2024-08-06T17:11:24.000Z\"},\"totalAmount\":\"0\",\"amount\":0},{\"subCategory\":{\"id\":56,\"userId\":1,\"categoryId\":4,\"name\":\"OnlyFans\",\"type\":\"onlyfans\",\"imagePath\":\"1-Billy/subcategories/onlyfans.png\",\"creationDate\":\"2024-08-23T16:56:43.000Z\",\"modificationDate\":\"2024-08-23T16:56:43.000Z\"},\"totalAmount\":\"0\",\"amount\":62.31}]','2024-09-01 12:55:54','2024-09-28 11:38:05');
/*!40000 ALTER TABLE `BUDGET` ENABLE KEYS */;
UNLOCK TABLES;

--
-- Table structure for table `CATEGORY`
--

DROP TABLE IF EXISTS `CATEGORY`;
/*!40101 SET @saved_cs_client     = @@character_set_client */;
/*!50503 SET character_set_client = utf8mb4 */;
CREATE TABLE `CATEGORY` (
  `ID` int(20) NOT NULL AUTO_INCREMENT,
  `USER_ID` int(20) NOT NULL,
  `GENRE` enum('INCOME','OUTCOME') NOT NULL DEFAULT 'INCOME',
  `NAME` varchar(45) NOT NULL,
  `TYPE` varchar(45) NOT NULL,
  `IMAGE_PATH` text NOT NULL,
  `CREATION_DATE` datetime NOT NULL,
  `MODIFICATION_DATE` datetime DEFAULT NULL,
  PRIMARY KEY (`ID`),
  KEY `USER_ID` (`USER_ID`),
  CONSTRAINT `CATEGORY_ibfk_1` FOREIGN KEY (`USER_ID`) REFERENCES `USER` (`ID`) ON DELETE CASCADE
) ENGINE=InnoDB AUTO_INCREMENT=42 DEFAULT CHARSET=utf8mb4 COLLATE=utf8mb4_general_ci;
/*!40101 SET character_set_client = @saved_cs_client */;

--
-- Dumping data for table `CATEGORY`
--

LOCK TABLES `CATEGORY` WRITE;
/*!40000 ALTER TABLE `CATEGORY` DISABLE KEYS */;
INSERT INTO `CATEGORY` VALUES (1,1,'OUTCOME','Alimentations','FOOD','1-Billy/categories/food.png','2024-07-01 12:29:31','2024-07-01 12:29:31'),(2,1,'OUTCOME','Courses','SHOPPING','1-Billy/categories/shopping.png','2024-07-01 12:29:31','2024-07-01 12:29:31'),(3,1,'OUTCOME','Transport','TRANSPORT','1-Billy/categories/transport.png','2024-07-01 12:29:31','2024-07-01 12:29:31'),(4,1,'OUTCOME','Divertissement','ENTERTAINMENT','1-Billy/categories/entertainment.png','2024-07-01 12:29:31','2024-07-01 12:29:31'),(5,1,'OUTCOME','Maison','HOME','1-Billy/categories/home.png','2024-07-01 12:29:31','2024-07-01 12:29:31'),(6,1,'OUTCOME','Famille','FAMILY','1-Billy/categories/family.png','2024-07-01 12:29:31','2024-07-01 12:29:31'),(7,1,'OUTCOME','Santé/Sport','HEALTH','1-Billy/categories/health.png','2024-07-01 12:29:31','2024-07-01 12:29:31'),(8,1,'OUTCOME','Voyage','TRAVEL','1-Billy/categories/travel.png','2024-07-01 12:29:31','2024-07-01 12:29:31'),(9,1,'OUTCOME','Animaux de compagnie','PET','1-Billy/categories/pet.png','2024-07-01 12:29:31','2024-07-01 12:29:31'),(10,1,'OUTCOME','Autre (Dépenses)','OTHER','1-Billy/categories/other.png','2024-07-01 12:29:31','2024-07-01 12:29:31'),(11,1,'INCOME','Autre (Revenus)','OTHER_INCOME','1-Billy/categories/other_income.png','2024-07-01 12:29:31','2024-07-01 12:29:31'),(12,1,'INCOME','Revenus financier','FINANCIAL','1-Billy/categories/financial.png','2024-07-01 12:29:31','2024-07-01 12:29:31'),(13,1,'INCOME','Revenus','INCOME','1-Billy/categories/income.png','2024-07-01 12:29:31','2024-07-01 12:29:31'),(14,1,'OUTCOME','Patreon','patreon','1-Billy/categories/patreon.png','2024-07-01 13:00:26','2024-07-01 13:00:26'),(15,1,'OUTCOME','Trading 212','tranding-212','1-Billy/categories/tranding-212.png','2024-07-01 13:38:01','2024-07-01 13:38:01'),(16,2,'OUTCOME','Alimentations','FOOD','2-vilayhongs/categories/food.png','2024-09-03 17:08:26','2024-09-03 17:08:26'),(17,2,'OUTCOME','Courses','SHOPPING','2-vilayhongs/categories/shopping.png','2024-09-03 17:08:26','2024-09-03 17:08:26'),(18,2,'OUTCOME','Transport','TRANSPORT','2-vilayhongs/categories/transport.png','2024-09-03 17:08:26','2024-09-03 17:08:26'),(19,2,'OUTCOME','Divertissement','ENTERTAINMENT','2-vilayhongs/categories/entertainment.png','2024-09-03 17:08:26','2024-09-03 17:08:26'),(20,2,'OUTCOME','Maison','HOME','2-vilayhongs/categories/home.png','2024-09-03 17:08:26','2024-09-03 17:08:26'),(21,2,'OUTCOME','Famille','FAMILY','2-vilayhongs/categories/family.png','2024-09-03 17:08:26','2024-09-03 17:08:26'),(22,2,'OUTCOME','Santé/Sport','HEALTH','2-vilayhongs/categories/health.png','2024-09-03 17:08:26','2024-09-03 17:08:26'),(23,2,'OUTCOME','Voyage','TRAVEL','2-vilayhongs/categories/travel.png','2024-09-03 17:08:26','2024-09-03 17:08:26'),(24,2,'OUTCOME','Animaux de compagnie','PET','2-vilayhongs/categories/pet.png','2024-09-03 17:08:26','2024-09-03 17:08:26'),(25,2,'OUTCOME','Autre (Dépenses)','OTHER','2-vilayhongs/categories/other.png','2024-09-03 17:08:26','2024-09-03 17:08:26'),(26,2,'INCOME','Autre (Revenus)','OTHER_INCOME','2-vilayhongs/categories/other_income.png','2024-09-03 17:08:26','2024-09-03 17:08:26'),(27,2,'INCOME','Revenus financier','FINANCIAL','2-vilayhongs/categories/financial.png','2024-09-03 17:08:26','2024-09-03 17:08:26'),(28,2,'INCOME','Revenus','INCOME','2-vilayhongs/categories/income.png','2024-09-03 17:08:26','2024-09-03 17:08:26'),(31,3,'OUTCOME','Transport','TRANSPORT','3-Ferreira/categories/transport.png','2024-09-28 15:14:57','2024-09-28 15:14:57'),(32,3,'OUTCOME','Divertissement','ENTERTAINMENT','3-Ferreira/categories/ENTERTAINMENT.png','2024-09-28 15:14:57','2024-09-28 15:30:20'),(33,3,'OUTCOME','Maison','HOME','3-Ferreira/categories/home.png','2024-09-28 15:14:57','2024-09-28 15:14:57'),(35,3,'OUTCOME','Santé/Sport','HEALTH','3-Ferreira/categories/health.png','2024-09-28 15:14:57','2024-09-28 15:14:57'),(36,3,'OUTCOME','Voyage','TRAVEL','3-Ferreira/categories/travel.png','2024-09-28 15:14:57','2024-09-28 15:14:57'),(38,3,'OUTCOME','Autre (Dépenses)','OTHER','3-Ferreira/categories/other.png','2024-09-28 15:14:57','2024-09-28 15:14:57'),(39,3,'INCOME','Autre (Revenus)','OTHER_INCOME','3-Ferreira/categories/other_income.png','2024-09-28 15:14:57','2024-09-28 15:14:57'),(40,3,'INCOME','Revenus financier','FINANCIAL','3-Ferreira/categories/financial.png','2024-09-28 15:14:57','2024-09-28 15:14:57'),(41,3,'INCOME','Revenus','INCOME','3-Ferreira/categories/income.png','2024-09-28 15:14:57','2024-09-28 15:14:57');
/*!40000 ALTER TABLE `CATEGORY` ENABLE KEYS */;
UNLOCK TABLES;

--
-- Table structure for table `PLANNED_TRANSACTION`
--

DROP TABLE IF EXISTS `PLANNED_TRANSACTION`;
/*!40101 SET @saved_cs_client     = @@character_set_client */;
/*!50503 SET character_set_client = utf8mb4 */;
CREATE TABLE `PLANNED_TRANSACTION` (
  `ID` int(20) NOT NULL AUTO_INCREMENT,
  `USER_ID` int(20) NOT NULL,
  `ACCOUNT_ID` int(20) NOT NULL,
  `DATA` text DEFAULT NULL,
  `TO` text DEFAULT NULL,
  `OTHER` text DEFAULT NULL,
  `TRANSACTION_DATE` datetime NOT NULL,
  `TYPE` enum('INCOME','EXPECTED_INCOME','EXPENSE','EXPECTED_EXPENSE','TRANSFER','EXPECTED_TRANSFERT','INTEREST') NOT NULL DEFAULT 'EXPENSE',
  `OCCURENCE` int(20) NOT NULL,
  `UNIT` enum('YEAR','MONTH','WEEK','DAY') NOT NULL DEFAULT 'MONTH',
  `NUMBER` int(20) NOT NULL,
  `CREATION_DATE` datetime NOT NULL,
  `MODIFICATION_DATE` datetime DEFAULT NULL,
  `DELETED_ON` datetime DEFAULT NULL,
  PRIMARY KEY (`ID`),
  KEY `USER_ID` (`USER_ID`),
  KEY `ACCOUNT_ID` (`ACCOUNT_ID`),
  CONSTRAINT `PLANNED_TRANSACTION_ibfk_1` FOREIGN KEY (`USER_ID`) REFERENCES `USER` (`ID`) ON DELETE CASCADE,
  CONSTRAINT `PLANNED_TRANSACTION_ibfk_2` FOREIGN KEY (`ACCOUNT_ID`) REFERENCES `ACCOUNT` (`ID`) ON DELETE CASCADE
) ENGINE=InnoDB AUTO_INCREMENT=37 DEFAULT CHARSET=utf8mb4 COLLATE=utf8mb4_general_ci;
/*!40101 SET character_set_client = @saved_cs_client */;

--
-- Dumping data for table `PLANNED_TRANSACTION`
--

LOCK TABLES `PLANNED_TRANSACTION` WRITE;
/*!40000 ALTER TABLE `PLANNED_TRANSACTION` DISABLE KEYS */;
INSERT INTO `PLANNED_TRANSACTION` VALUES (1,1,2,'[{\"category\":{\"id\":13,\"genre\":\"INCOME\",\"userId\":1,\"name\":\"Revenus\",\"type\":\"INCOME\",\"imagePath\":\"1-Billy/categories/income.png\",\"creationDate\":\"2024-07-01T12:29:31.000Z\",\"modificationDate\":\"2024-07-01T12:29:31.000Z\"},\"subCategory\":{\"id\":34,\"userId\":1,\"categoryId\":13,\"name\":\"Salaire\",\"type\":\"SALARY\",\"imagePath\":\"1-Billy/subcategories/salary.png\",\"creationDate\":\"2024-07-01T12:29:31.000Z\",\"modificationDate\":\"2024-07-01T12:29:31.000Z\"},\"amount\":\"1842.68\"}]','','','2024-11-01 09:00:00','EXPECTED_INCOME',1,'MONTH',0,'2024-07-01 16:58:15','2024-10-01 08:00:00',NULL),(2,1,2,'[{\"category\":{\"id\":10,\"genre\":\"OUTCOME\",\"userId\":1,\"name\":\"Autre (Dépenses)\",\"type\":\"OTHER\",\"imagePath\":\"1-Billy/categories/other.png\",\"creationDate\":\"2024-07-01T12:29:31.000Z\",\"modificationDate\":\"2024-07-01T12:29:31.000Z\"},\"subCategory\":{\"id\":46,\"userId\":1,\"categoryId\":10,\"name\":\"Banque\",\"type\":\"banque\",\"imagePath\":\"1-Billy/subcategories/banque.png\",\"creationDate\":\"2024-07-01T13:32:11.000Z\",\"modificationDate\":\"2024-07-01T13:32:11.000Z\"},\"amount\":\"4.28\"}]','','','2024-10-03 08:00:00','EXPECTED_EXPENSE',1,'MONTH',0,'2024-07-01 17:03:16','2024-09-03 08:00:00',NULL),(3,1,2,'[{\"category\":{\"id\":3,\"genre\":\"OUTCOME\",\"userId\":1,\"name\":\"Transport\",\"type\":\"TRANSPORT\",\"imagePath\":\"1-Billy/categories/transport.png\",\"creationDate\":\"2024-07-01T12:29:31.000Z\",\"modificationDate\":\"2024-07-01T12:29:31.000Z\"},\"subCategory\":{\"id\":10,\"userId\":1,\"categoryId\":3,\"name\":\"Transport\",\"type\":\"TRANSPORT\",\"imagePath\":\"1-Billy/subcategories/transport.png\",\"creationDate\":\"2024-07-01T12:29:31.000Z\",\"modificationDate\":\"2024-07-01T12:29:31.000Z\"},\"amount\":\"86.40\"}]','','Navigo','2024-10-03 08:00:00','EXPECTED_EXPENSE',1,'MONTH',0,'2024-07-01 17:03:50','2024-09-03 08:00:00',NULL),(4,1,2,'[{\"category\":{\"id\":14,\"genre\":\"OUTCOME\",\"userId\":1,\"name\":\"Patreon\",\"type\":\"patreon\",\"imagePath\":\"1-Billy/categories/patreon.png\",\"creationDate\":\"2024-07-01T13:00:26.000Z\",\"modificationDate\":\"2024-07-01T13:00:26.000Z\"},\"subCategory\":{\"id\":38,\"userId\":1,\"categoryId\":14,\"name\":\"Recifense Cheers\",\"type\":\"recifense\",\"imagePath\":\"1-Billy/subcategories/recifense.png\",\"creationDate\":\"2024-07-01T13:07:07.000Z\",\"modificationDate\":\"2024-07-01T13:07:07.000Z\"},\"amount\":\"1.20\"}]','','','2024-10-03 08:00:00','EXPECTED_EXPENSE',1,'MONTH',0,'2024-07-01 17:04:38','2024-09-03 08:00:00',NULL),(5,1,2,'[{\"category\":{\"id\":5,\"genre\":\"OUTCOME\",\"userId\":1,\"name\":\"Maison\",\"type\":\"HOME\",\"imagePath\":\"1-Billy/categories/home.png\",\"creationDate\":\"2024-07-01T12:29:31.000Z\",\"modificationDate\":\"2024-07-01T12:29:31.000Z\"},\"subCategory\":{\"id\":18,\"userId\":1,\"categoryId\":5,\"name\":\"Loyer\",\"type\":\"RENT\",\"imagePath\":\"1-Billy/subcategories/rent.png\",\"creationDate\":\"2024-07-01T12:29:31.000Z\",\"modificationDate\":\"2024-07-01T12:29:31.000Z\"},\"amount\":\"300\"}]','','Famille','2024-10-05 08:00:00','EXPECTED_EXPENSE',1,'MONTH',0,'2024-07-01 17:05:46','2024-09-05 08:00:00',NULL),(6,1,2,'[{\"category\":{\"id\":10,\"genre\":\"OUTCOME\",\"userId\":1,\"name\":\"Autre (Dépenses)\",\"type\":\"OTHER\",\"imagePath\":\"1-Billy/categories/other.png\",\"creationDate\":\"2024-07-01T12:29:31.000Z\",\"modificationDate\":\"2024-07-01T12:29:31.000Z\"},\"subCategory\":{\"id\":47,\"userId\":1,\"categoryId\":10,\"name\":\"Coalition plus\",\"type\":\"coalition\",\"imagePath\":\"1-Billy/subcategories/coalition.png\",\"creationDate\":\"2024-07-01T13:32:46.000Z\",\"modificationDate\":\"2024-07-01T13:32:46.000Z\"},\"amount\":\"10\"}]','','','2024-10-05 08:00:00','EXPECTED_EXPENSE',1,'MONTH',0,'2024-07-01 17:06:19','2024-09-05 08:00:00',NULL),(7,1,2,'[{\"category\":{\"id\":4,\"genre\":\"OUTCOME\",\"userId\":1,\"name\":\"Divertissement\",\"type\":\"ENTERTAINMENT\",\"imagePath\":\"1-Billy/categories/entertainment.png\",\"creationDate\":\"2024-07-01T12:29:31.000Z\",\"modificationDate\":\"2024-07-01T12:29:31.000Z\"},\"subCategory\":{\"id\":48,\"userId\":1,\"categoryId\":4,\"name\":\"Sankaku\",\"type\":\"sankaku\",\"imagePath\":\"1-Billy/subcategories/sankaku.png\",\"creationDate\":\"2024-07-01T13:33:03.000Z\",\"modificationDate\":\"2024-07-01T13:33:03.000Z\"},\"amount\":\"9.99\"}]','','','2024-10-05 08:00:00','EXPECTED_EXPENSE',1,'MONTH',0,'2024-07-01 17:06:45','2024-09-05 08:00:00',NULL),(8,1,2,'[{\"category\":{\"id\":10,\"genre\":\"OUTCOME\",\"userId\":1,\"name\":\"Autre (Dépenses)\",\"type\":\"OTHER\",\"imagePath\":\"1-Billy/categories/other.png\",\"creationDate\":\"2024-07-01T12:29:31.000Z\",\"modificationDate\":\"2024-07-01T12:29:31.000Z\"},\"subCategory\":{\"id\":49,\"userId\":1,\"categoryId\":10,\"name\":\"Carte débit\",\"type\":\"carte-debit\",\"imagePath\":\"1-Billy/subcategories/carte-debit.png\",\"creationDate\":\"2024-07-01T13:37:26.000Z\",\"modificationDate\":\"2024-07-01T13:37:26.000Z\"},\"amount\":\"2\"}]','','','2024-10-21 08:00:00','EXPECTED_EXPENSE',1,'MONTH',0,'2024-07-01 17:08:41','2024-09-21 08:00:00',NULL),(9,1,2,'[{\"category\":{\"id\":4,\"genre\":\"OUTCOME\",\"userId\":1,\"name\":\"Divertissement\",\"type\":\"ENTERTAINMENT\",\"imagePath\":\"1-Billy/categories/entertainment.png\",\"creationDate\":\"2024-07-01T12:29:31.000Z\",\"modificationDate\":\"2024-07-01T12:29:31.000Z\"},\"subCategory\":{\"id\":52,\"userId\":1,\"categoryId\":4,\"name\":\"Luvr.ai\",\"type\":\"luvr-ai\",\"imagePath\":\"1-Billy/subcategories/luvr-ai.png\",\"creationDate\":\"2024-07-01T13:39:48.000Z\",\"modificationDate\":\"2024-07-01T13:39:48.000Z\"},\"amount\":\"6.55\"}]','','','2024-10-24 08:00:00','EXPECTED_EXPENSE',1,'MONTH',0,'2024-07-01 17:09:12','2024-09-24 08:00:00',NULL),(10,1,2,'[{\"category\":{\"id\":5,\"genre\":\"OUTCOME\",\"userId\":1,\"name\":\"Maison\",\"type\":\"HOME\",\"imagePath\":\"1-Billy/categories/home.png\",\"creationDate\":\"2024-07-01T12:29:31.000Z\",\"modificationDate\":\"2024-07-01T12:29:31.000Z\"},\"subCategory\":{\"id\":21,\"userId\":1,\"categoryId\":5,\"name\":\"Facture téléphonique\",\"type\":\"PHONEBILL\",\"imagePath\":\"1-Billy/subcategories/phonebill.png\",\"creationDate\":\"2024-07-01T12:29:31.000Z\",\"modificationDate\":\"2024-07-01T12:29:31.000Z\"},\"amount\":\"31.99\"}]','','Tel portable','2024-10-28 09:00:00','EXPECTED_EXPENSE',1,'MONTH',0,'2024-07-01 17:09:48','2024-09-28 08:00:00',NULL),(11,1,2,'[{\"category\":{\"id\":4,\"genre\":\"OUTCOME\",\"userId\":1,\"name\":\"Divertissement\",\"type\":\"ENTERTAINMENT\",\"imagePath\":\"1-Billy/categories/entertainment.png\",\"creationDate\":\"2024-07-01T12:29:31.000Z\",\"modificationDate\":\"2024-07-01T12:29:31.000Z\"},\"subCategory\":{\"id\":53,\"userId\":1,\"categoryId\":4,\"name\":\"Spotify\",\"type\":\"spotify\",\"imagePath\":\"1-Billy/subcategories/spotify.webp\",\"creationDate\":\"2024-07-01T17:13:00.000Z\",\"modificationDate\":\"2024-07-01T17:13:43.000Z\"},\"amount\":\"11.12\"}]','','','2024-10-02 08:00:00','EXPECTED_EXPENSE',1,'MONTH',0,'2024-07-01 17:14:27','2024-09-02 08:00:00',NULL),(12,1,2,'[{\"category\":{\"id\":4,\"genre\":\"OUTCOME\",\"userId\":1,\"name\":\"Divertissement\",\"type\":\"ENTERTAINMENT\",\"imagePath\":\"1-Billy/categories/entertainment.png\",\"creationDate\":\"2024-07-01T12:29:31.000Z\",\"modificationDate\":\"2024-07-01T12:29:31.000Z\"},\"subCategory\":{\"id\":40,\"userId\":1,\"categoryId\":4,\"name\":\"Steam\",\"type\":\"steam\",\"imagePath\":\"1-Billy/subcategories/steam.png\",\"creationDate\":\"2024-07-01T13:27:40.000Z\",\"modificationDate\":\"2024-07-01T17:12:32.000Z\"},\"amount\":\"7.99\"}]','','','2024-10-06 08:00:00','EXPECTED_EXPENSE',1,'MONTH',0,'2024-07-01 17:15:36','2024-09-06 08:00:00',NULL),(13,1,2,'[{\"category\":{\"id\":4,\"genre\":\"OUTCOME\",\"userId\":1,\"name\":\"Divertissement\",\"type\":\"ENTERTAINMENT\",\"imagePath\":\"1-Billy/categories/entertainment.png\",\"creationDate\":\"2024-07-01T12:29:31.000Z\",\"modificationDate\":\"2024-07-01T12:29:31.000Z\"},\"subCategory\":{\"id\":44,\"userId\":1,\"categoryId\":4,\"name\":\"Discord\",\"type\":\"discord\",\"imagePath\":\"1-Billy/subcategories/discord.png\",\"creationDate\":\"2024-07-01T13:29:19.000Z\",\"modificationDate\":\"2024-07-01T13:29:19.000Z\"},\"amount\":\"4.99\"}]','','Rod24','2024-10-14 08:00:00','EXPECTED_EXPENSE',1,'MONTH',0,'2024-07-01 17:16:26','2024-09-14 08:00:00',NULL),(14,1,2,'[{\"category\":{\"id\":4,\"genre\":\"OUTCOME\",\"userId\":1,\"name\":\"Divertissement\",\"type\":\"ENTERTAINMENT\",\"imagePath\":\"1-Billy/categories/entertainment.png\",\"creationDate\":\"2024-07-01T12:29:31.000Z\",\"modificationDate\":\"2024-07-01T12:29:31.000Z\"},\"subCategory\":{\"id\":44,\"userId\":1,\"categoryId\":4,\"name\":\"Discord\",\"type\":\"discord\",\"imagePath\":\"1-Billy/subcategories/discord.png\",\"creationDate\":\"2024-07-01T13:29:19.000Z\",\"modificationDate\":\"2024-07-01T13:29:19.000Z\"},\"amount\":\"9.99\"}]','','Rod48','2024-10-24 08:00:00','EXPECTED_EXPENSE',1,'MONTH',0,'2024-07-01 17:17:27','2024-09-24 08:00:00',NULL),(15,1,2,'[{\"category\":{\"id\":10,\"genre\":\"OUTCOME\",\"userId\":1,\"name\":\"Autre (Dépenses)\",\"type\":\"OTHER\",\"imagePath\":\"1-Billy/categories/other.png\",\"creationDate\":\"2024-07-01T12:29:31.000Z\",\"modificationDate\":\"2024-07-01T12:29:31.000Z\"},\"subCategory\":{\"id\":46,\"userId\":1,\"categoryId\":10,\"name\":\"Banque\",\"type\":\"banque\",\"imagePath\":\"1-Billy/subcategories/banque.png\",\"creationDate\":\"2024-07-01T13:32:11.000Z\",\"modificationDate\":\"2024-07-01T13:32:11.000Z\"},\"amount\":\"5.45\"}]','','Responsabilité civile','2024-10-22 08:00:00','EXPECTED_EXPENSE',1,'MONTH',0,'2024-07-22 07:19:06','2024-09-22 08:00:00',NULL),(16,2,13,'[{\"category\":{\"id\":28,\"genre\":\"INCOME\",\"userId\":2,\"name\":\"Revenus\",\"type\":\"INCOME\",\"imagePath\":\"2-vilayhongs/categories/income.png\",\"creationDate\":\"2024-09-03T17:08:26.000Z\",\"modificationDate\":\"2024-09-03T17:08:26.000Z\"},\"subCategory\":{\"id\":90,\"userId\":2,\"categoryId\":28,\"name\":\"Salaire\",\"type\":\"SALARY\",\"imagePath\":\"2-vilayhongs/subcategories/salary.png\",\"creationDate\":\"2024-09-03T17:08:26.000Z\",\"modificationDate\":\"2024-09-03T17:08:26.000Z\"},\"amount\":\"1016\"}]','','','2024-10-06 08:00:00','EXPECTED_INCOME',1,'MONTH',0,'2024-09-03 17:19:39','2024-09-06 08:00:00',NULL),(17,1,2,'[{\"category\":{\"id\":4,\"genre\":\"OUTCOME\",\"userId\":1,\"name\":\"Divertissement\",\"type\":\"ENTERTAINMENT\",\"imagePath\":\"1-Billy/categories/entertainment.png\",\"creationDate\":\"2024-07-01T12:29:31.000Z\",\"modificationDate\":\"2024-07-01T12:29:31.000Z\"},\"subCategory\":{\"id\":52,\"userId\":1,\"categoryId\":4,\"name\":\"Luvr.ai\",\"type\":\"luvr-ai\",\"imagePath\":\"1-Billy/subcategories/luvr-ai.png\",\"creationDate\":\"2024-07-01T13:39:48.000Z\",\"modificationDate\":\"2024-07-01T13:39:48.000Z\"},\"amount\":\"9.02\"}]','','Gold Plan','2024-10-16 08:00:00','EXPECTED_EXPENSE',1,'MONTH',0,'2024-09-25 16:59:24','2024-09-25 16:59:36',NULL),(18,1,2,'[{\"category\":{\"id\":4,\"genre\":\"OUTCOME\",\"userId\":1,\"name\":\"Divertissement\",\"type\":\"ENTERTAINMENT\",\"imagePath\":\"1-Billy/categories/entertainment.png\",\"creationDate\":\"2024-07-01T12:29:31.000Z\",\"modificationDate\":\"2024-07-01T12:29:31.000Z\"},\"subCategory\":{\"id\":56,\"userId\":1,\"categoryId\":4,\"name\":\"OnlyFans\",\"type\":\"onlyfans\",\"imagePath\":\"1-Billy/subcategories/onlyfans.png\",\"creationDate\":\"2024-08-23T16:56:43.000Z\",\"modificationDate\":\"2024-08-23T16:56:43.000Z\"},\"amount\":\"21.62\"}]','','Mikomi Hokina','2024-10-25 08:00:00','EXPECTED_EXPENSE',1,'MONTH',0,'2024-09-28 11:37:39','2024-09-28 11:37:39',NULL),(23,3,15,'[{\"category\":{\"id\":32,\"genre\":\"OUTCOME\",\"userId\":3,\"name\":\"Divertissement\",\"type\":\"ENTERTAINMENT\",\"imagePath\":\"3-Ferreira/categories/entertainment.png\",\"creationDate\":\"2024-09-28T15:14:57.000Z\",\"modificationDate\":\"2024-09-28T15:14:57.000Z\"},\"subCategory\":{\"id\":110,\"userId\":3,\"categoryId\":32,\"name\":\"Divertissement\",\"type\":\"ENTERTAINMENT\",\"imagePath\":\"3-Ferreira/subcategories/entertainment.png\",\"creationDate\":\"2024-09-28T15:14:57.000Z\",\"modificationDate\":\"2024-09-28T15:14:57.000Z\"},\"amount\":\"13.49\"}]','','Netflix','2024-10-21 14:00:00','EXPECTED_EXPENSE',1,'MONTH',0,'2024-09-28 15:27:16','2024-09-28 15:28:46',NULL),(25,3,15,'[{\"category\":{\"id\":41,\"genre\":\"INCOME\",\"userId\":3,\"name\":\"Revenus\",\"type\":\"INCOME\",\"imagePath\":\"3-Ferreira/categories/income.png\",\"creationDate\":\"2024-09-28T15:14:57.000Z\",\"modificationDate\":\"2024-09-28T15:14:57.000Z\"},\"subCategory\":{\"id\":131,\"userId\":3,\"categoryId\":41,\"name\":\"Pension\",\"type\":\"PENSION\",\"imagePath\":\"3-Ferreira/subcategories/pension.png\",\"creationDate\":\"2024-09-28T15:14:57.000Z\",\"modificationDate\":\"2024-09-28T15:14:57.000Z\"},\"amount\":\"93.46\"}]','','CAF Prime d\'activité','2024-10-04 13:00:00','EXPECTED_INCOME',1,'MONTH',0,'2024-09-28 15:34:05','2024-09-28 15:34:05',NULL),(27,3,15,'[{\"category\":{\"id\":32,\"genre\":\"OUTCOME\",\"userId\":3,\"name\":\"Divertissement\",\"type\":\"ENTERTAINMENT\",\"imagePath\":\"3-Ferreira/categories/ENTERTAINMENT.png\",\"creationDate\":\"2024-09-28T15:14:57.000Z\",\"modificationDate\":\"2024-09-28T15:30:20.000Z\"},\"subCategory\":{\"id\":135,\"userId\":3,\"categoryId\":32,\"name\":\"Autre internet\",\"type\":\"autre\",\"imagePath\":\"3-Ferreira/subcategories/autre.png\",\"creationDate\":\"2024-09-28T15:37:23.000Z\",\"modificationDate\":\"2024-09-28T15:37:23.000Z\"},\"amount\":\"9.99\"}]','','VPN','2024-10-06 10:30:00','EXPECTED_EXPENSE',1,'MONTH',0,'2024-09-28 15:37:49','2024-09-28 15:37:49',NULL),(28,3,15,'[{\"category\":{\"id\":31,\"genre\":\"OUTCOME\",\"userId\":3,\"name\":\"Transport\",\"type\":\"TRANSPORT\",\"imagePath\":\"3-Ferreira/categories/transport.png\",\"creationDate\":\"2024-09-28T15:14:57.000Z\",\"modificationDate\":\"2024-09-28T15:14:57.000Z\"},\"subCategory\":{\"id\":109,\"userId\":3,\"categoryId\":31,\"name\":\"Assurance\",\"type\":\"INSURANCE\",\"imagePath\":\"3-Ferreira/subcategories/insurance.png\",\"creationDate\":\"2024-09-28T15:14:57.000Z\",\"modificationDate\":\"2024-09-28T15:14:57.000Z\"},\"amount\":\"60.12\"}]','','MATMUT ASSU','2024-10-16 10:00:00','EXPECTED_EXPENSE',1,'MONTH',0,'2024-09-28 15:39:22','2024-09-28 15:40:24',NULL),(29,3,15,'[{\"category\":{\"id\":33,\"genre\":\"OUTCOME\",\"userId\":3,\"name\":\"Maison\",\"type\":\"HOME\",\"imagePath\":\"3-Ferreira/categories/home.png\",\"creationDate\":\"2024-09-28T15:14:57.000Z\",\"modificationDate\":\"2024-09-28T15:14:57.000Z\"},\"subCategory\":{\"id\":116,\"userId\":3,\"categoryId\":33,\"name\":\"Facture téléphonique\",\"type\":\"PHONEBILL\",\"imagePath\":\"3-Ferreira/subcategories/phonebill.png\",\"creationDate\":\"2024-09-28T15:14:57.000Z\",\"modificationDate\":\"2024-09-28T15:14:57.000Z\"},\"amount\":\"69.98\"}]','','ABO + ASSURANCE','2024-10-10 12:15:00','EXPECTED_EXPENSE',1,'MONTH',0,'2024-09-28 15:40:13','2024-09-28 15:40:13',NULL),(30,3,15,'[{\"category\":{\"id\":35,\"genre\":\"OUTCOME\",\"userId\":3,\"name\":\"Santé/Sport\",\"type\":\"HEALTH\",\"imagePath\":\"3-Ferreira/categories/health.png\",\"creationDate\":\"2024-09-28T15:14:57.000Z\",\"modificationDate\":\"2024-09-28T15:14:57.000Z\"},\"subCategory\":{\"id\":120,\"userId\":3,\"categoryId\":35,\"name\":\"Santé\",\"type\":\"HEALTH\",\"imagePath\":\"3-Ferreira/subcategories/health.png\",\"creationDate\":\"2024-09-28T15:14:57.000Z\",\"modificationDate\":\"2024-09-28T15:14:57.000Z\"},\"amount\":\"126\"}]','','Jessica Psy','2024-10-17 12:00:00','EXPECTED_EXPENSE',1,'MONTH',0,'2024-09-28 15:42:23','2024-09-28 15:42:23',NULL),(31,3,15,'[{\"category\":{\"id\":31,\"genre\":\"OUTCOME\",\"userId\":3,\"name\":\"Transport\",\"type\":\"TRANSPORT\",\"imagePath\":\"3-Ferreira/categories/transport.png\",\"creationDate\":\"2024-09-28T15:14:57.000Z\",\"modificationDate\":\"2024-09-28T15:14:57.000Z\"},\"subCategory\":{\"id\":108,\"userId\":3,\"categoryId\":31,\"name\":\"Carburant\",\"type\":\"GAZOLE\",\"imagePath\":\"3-Ferreira/subcategories/fuel.png\",\"creationDate\":\"2024-09-28T15:14:57.000Z\",\"modificationDate\":\"2024-09-28T15:17:10.000Z\"},\"amount\":\"300\"}]','','Carburant','2024-10-24 15:43:39','EXPECTED_EXPENSE',1,'MONTH',0,'2024-09-28 15:44:10','2024-09-28 15:44:10',NULL),(32,3,15,'[{\"category\":{\"id\":33,\"genre\":\"OUTCOME\",\"userId\":3,\"name\":\"Maison\",\"type\":\"HOME\",\"imagePath\":\"3-Ferreira/categories/home.png\",\"creationDate\":\"2024-09-28T15:14:57.000Z\",\"modificationDate\":\"2024-09-28T15:14:57.000Z\"},\"subCategory\":{\"id\":113,\"userId\":3,\"categoryId\":33,\"name\":\"Loyer\",\"type\":\"RENT\",\"imagePath\":\"3-Ferreira/subcategories/rent.png\",\"creationDate\":\"2024-09-28T15:14:57.000Z\",\"modificationDate\":\"2024-09-28T15:14:57.000Z\"},\"amount\":\"200\"}]','','Loyer daronne','2024-10-04 12:30:00','EXPECTED_EXPENSE',1,'MONTH',0,'2024-09-28 15:44:32','2024-09-28 15:44:32',NULL),(33,3,15,'[{\"category\":{\"id\":38,\"genre\":\"OUTCOME\",\"userId\":3,\"name\":\"Autre (Dépenses)\",\"type\":\"OTHER\",\"imagePath\":\"3-Ferreira/categories/other.png\",\"creationDate\":\"2024-09-28T15:14:57.000Z\",\"modificationDate\":\"2024-09-28T15:14:57.000Z\"},\"subCategory\":{\"id\":127,\"userId\":3,\"categoryId\":38,\"name\":\"Cigarettes\",\"type\":\"CIGARETTE\",\"imagePath\":\"3-Ferreira/subcategories/cigarettes.png\",\"creationDate\":\"2024-09-28T15:14:57.000Z\",\"modificationDate\":\"2024-09-28T15:14:57.000Z\"},\"amount\":\"110\"}]','','Cigarettes','2024-09-28 15:45:42','EXPECTED_EXPENSE',1,'MONTH',0,'2024-09-28 15:46:00','2024-09-28 15:46:00',NULL),(34,3,15,'[{\"category\":{\"id\":35,\"genre\":\"OUTCOME\",\"userId\":3,\"name\":\"Santé/Sport\",\"type\":\"HEALTH\",\"imagePath\":\"3-Ferreira/categories/health.png\",\"creationDate\":\"2024-09-28T15:14:57.000Z\",\"modificationDate\":\"2024-09-28T15:14:57.000Z\"},\"subCategory\":{\"id\":120,\"userId\":3,\"categoryId\":35,\"name\":\"Santé\",\"type\":\"HEALTH\",\"imagePath\":\"3-Ferreira/subcategories/health.png\",\"creationDate\":\"2024-09-28T15:14:57.000Z\",\"modificationDate\":\"2024-09-28T15:14:57.000Z\"},\"amount\":\"32\"}]','','Barber','2024-09-28 15:46:06','EXPECTED_EXPENSE',1,'MONTH',0,'2024-09-28 15:47:03','2024-09-28 15:47:03',NULL),(35,3,15,'[{\"category\":{\"id\":38,\"genre\":\"OUTCOME\",\"userId\":3,\"name\":\"Autre (Dépenses)\",\"type\":\"OTHER\",\"imagePath\":\"3-Ferreira/categories/other.png\",\"creationDate\":\"2024-09-28T15:14:57.000Z\",\"modificationDate\":\"2024-09-28T15:14:57.000Z\"},\"subCategory\":{\"id\":136,\"userId\":3,\"categoryId\":38,\"name\":\"Credit voiture\",\"type\":\"credit \",\"imagePath\":\"3-Ferreira/subcategories/credit .png\",\"creationDate\":\"2024-09-28T15:47:59.000Z\",\"modificationDate\":\"2024-09-28T15:47:59.000Z\"},\"amount\":\"273.95\"}]','','Credit bmw','2024-10-04 13:00:00','EXPECTED_EXPENSE',1,'MONTH',0,'2024-09-28 15:48:20','2024-09-28 15:48:30',NULL),(36,3,15,'[{\"category\":{\"id\":38,\"genre\":\"OUTCOME\",\"userId\":3,\"name\":\"Autre (Dépenses)\",\"type\":\"OTHER\",\"imagePath\":\"3-Ferreira/categories/other.png\",\"creationDate\":\"2024-09-28T15:14:57.000Z\",\"modificationDate\":\"2024-09-28T15:14:57.000Z\"},\"subCategory\":{\"id\":126,\"userId\":3,\"categoryId\":38,\"name\":\"Impôts\",\"type\":\"TAX\",\"imagePath\":\"3-Ferreira/subcategories/tax.png\",\"creationDate\":\"2024-09-28T15:14:57.000Z\",\"modificationDate\":\"2024-09-28T15:14:57.000Z\"},\"amount\":\"8.99\"}]','','Frais bancaire','2024-09-28 15:56:45','EXPECTED_EXPENSE',1,'MONTH',0,'2024-09-28 15:57:26','2024-09-28 15:57:26',NULL);
/*!40000 ALTER TABLE `PLANNED_TRANSACTION` ENABLE KEYS */;
UNLOCK TABLES;

--
-- Table structure for table `PLANNED_TRANSFER`
--

DROP TABLE IF EXISTS `PLANNED_TRANSFER`;
/*!40101 SET @saved_cs_client     = @@character_set_client */;
/*!50503 SET character_set_client = utf8mb4 */;
CREATE TABLE `PLANNED_TRANSFER` (
  `ID` int(20) NOT NULL AUTO_INCREMENT,
  `USER_ID` int(20) NOT NULL,
  `SENDER_ID` int(20) NOT NULL,
  `RECEIVER_ID` int(20) NOT NULL,
  `AMOUNT` text DEFAULT NULL,
  `OTHER` text DEFAULT NULL,
  `TRANSFER_DATE` datetime NOT NULL,
  `OCCURENCE` int(20) NOT NULL,
  `UNIT` enum('YEAR','MONTH','WEEK','DAY') NOT NULL DEFAULT 'MONTH',
  `NUMBER` int(20) NOT NULL,
  `CREATION_DATE` datetime NOT NULL,
  `MODIFICATION_DATE` datetime DEFAULT NULL,
  `DELETED_ON` datetime DEFAULT NULL,
  PRIMARY KEY (`ID`),
  KEY `USER_ID` (`USER_ID`),
  KEY `SENDER_ID` (`SENDER_ID`),
  KEY `RECEIVER_ID` (`RECEIVER_ID`),
  CONSTRAINT `PLANNED_TRANSFER_ibfk_1` FOREIGN KEY (`USER_ID`) REFERENCES `USER` (`ID`) ON DELETE CASCADE,
  CONSTRAINT `PLANNED_TRANSFER_ibfk_2` FOREIGN KEY (`SENDER_ID`) REFERENCES `ACCOUNT` (`ID`) ON DELETE CASCADE,
  CONSTRAINT `PLANNED_TRANSFER_ibfk_3` FOREIGN KEY (`RECEIVER_ID`) REFERENCES `ACCOUNT` (`ID`) ON DELETE CASCADE
) ENGINE=InnoDB AUTO_INCREMENT=4 DEFAULT CHARSET=utf8mb4 COLLATE=utf8mb4_general_ci;
/*!40101 SET character_set_client = @saved_cs_client */;

--
-- Dumping data for table `PLANNED_TRANSFER`
--

LOCK TABLES `PLANNED_TRANSFER` WRITE;
/*!40000 ALTER TABLE `PLANNED_TRANSFER` DISABLE KEYS */;
INSERT INTO `PLANNED_TRANSFER` VALUES (1,1,2,5,'750','0','2024-10-05 08:00:00',1,'MONTH',0,'2024-07-01 17:30:10','2024-09-05 08:00:00',NULL),(2,1,2,8,'100','0','2024-10-05 08:00:00',1,'MONTH',0,'2024-07-01 17:30:38','2024-09-05 08:00:00',NULL),(3,1,2,11,'35','0','2024-10-07 08:00:00',1,'WEEK',0,'2024-07-05 12:57:35','2024-09-30 08:00:00',NULL);
/*!40000 ALTER TABLE `PLANNED_TRANSFER` ENABLE KEYS */;
UNLOCK TABLES;

--
-- Table structure for table `SUBCATEGORY`
--

DROP TABLE IF EXISTS `SUBCATEGORY`;
/*!40101 SET @saved_cs_client     = @@character_set_client */;
/*!50503 SET character_set_client = utf8mb4 */;
CREATE TABLE `SUBCATEGORY` (
  `ID` int(20) NOT NULL AUTO_INCREMENT,
  `USER_ID` int(20) NOT NULL,
  `CATEGORY_ID` int(20) NOT NULL,
  `NAME` varchar(45) NOT NULL,
  `TYPE` varchar(45) NOT NULL,
  `IMAGE_PATH` text NOT NULL,
  `CREATION_DATE` datetime NOT NULL,
  `MODIFICATION_DATE` datetime DEFAULT NULL,
  PRIMARY KEY (`ID`),
  KEY `USER_ID` (`USER_ID`),
  KEY `CATEGORY_ID` (`CATEGORY_ID`),
  CONSTRAINT `SUBCATEGORY_ibfk_1` FOREIGN KEY (`USER_ID`) REFERENCES `USER` (`ID`) ON DELETE CASCADE,
  CONSTRAINT `SUBCATEGORY_ibfk_2` FOREIGN KEY (`CATEGORY_ID`) REFERENCES `CATEGORY` (`ID`) ON DELETE CASCADE
) ENGINE=InnoDB AUTO_INCREMENT=137 DEFAULT CHARSET=utf8mb4 COLLATE=utf8mb4_general_ci;
/*!40101 SET character_set_client = @saved_cs_client */;

--
-- Dumping data for table `SUBCATEGORY`
--

LOCK TABLES `SUBCATEGORY` WRITE;
/*!40000 ALTER TABLE `SUBCATEGORY` DISABLE KEYS */;
INSERT INTO `SUBCATEGORY` VALUES (1,1,1,'Alimentation','FOOD','1-Billy/subcategories/food.png','2024-07-01 12:29:31','2024-07-01 12:29:31'),(2,1,9,'Alimentation','FOOD','1-Billy/subcategories/food.png','2024-07-01 12:29:31','2024-07-01 12:29:31'),(3,1,1,'Restaurant','RESTAURANT','1-Billy/subcategories/restaurant.png','2024-07-01 12:29:31','2024-07-01 12:29:31'),(4,1,1,'Bar','BAR','1-Billy/subcategories/bar.png','2024-07-01 12:29:31','2024-07-01 12:29:31'),(5,1,2,'Courses','SHOPPING','1-Billy/subcategories/shopping.png','2024-07-01 12:29:31','2024-07-01 12:29:31'),(6,1,2,'Chaussure','SHOES','1-Billy/subcategories/shoes.png','2024-07-01 12:29:31','2024-07-01 12:29:31'),(7,1,2,'Technologie','TECHNOLOGY','1-Billy/subcategories/techo.png','2024-07-01 12:29:31','2024-07-01 12:29:31'),(8,1,2,'Cadeaux','GIFT','1-Billy/subcategories/gift.png','2024-07-01 12:29:31','2024-07-01 12:29:31'),(9,1,2,'Vêtements','CLOTHES','1-Billy/subcategories/clothes.png ','2024-07-01 12:29:31','2024-07-01 12:29:31'),(10,1,3,'Transport','TRANSPORT','1-Billy/subcategories/transport.png','2024-07-01 12:29:31','2024-07-01 12:29:31'),(11,1,8,'Transport','TRANSPORT','1-Billy/subcategories/transport.png','2024-07-01 12:29:31','2024-07-01 12:29:31'),(12,1,3,'Voiture','CAR','1-Billy/subcategories/car.png','2024-07-01 12:29:31','2024-07-01 12:29:31'),(13,1,3,'Carburant','FUEL','1-Billy/subcategories/fuel.png','2024-07-01 12:29:31','2024-07-01 12:29:31'),(14,1,3,'Assurance','INSURANCE','1-Billy/subcategories/insurance.png','2024-07-01 12:29:31','2024-07-01 12:29:31'),(15,1,4,'Divertissement','ENTERTAINMENT','1-Billy/subcategories/entertainment.png','2024-07-01 12:29:31','2024-07-01 12:29:31'),(16,1,4,'Livres/Revues','BOOKS','1-Billy/subcategories/books.png','2024-07-01 12:29:31','2024-07-01 12:29:31'),(17,1,5,'Maison','HOUSE','1-Billy/subcategories/home.png','2024-07-01 12:29:31','2024-07-01 12:29:31'),(18,1,5,'Loyer','RENT','1-Billy/subcategories/rent.png','2024-07-01 12:29:31','2024-07-01 12:29:31'),(19,1,5,'Facture d\'énergie','ENERGYBILL','1-Billy/subcategories/energybill.png','2024-07-01 12:29:31','2024-07-01 12:29:31'),(20,1,5,'Facture d\'eau','WATERBILL','1-Billy/subcategories/waterbill.png','2024-07-01 12:29:31','2024-07-01 12:29:31'),(21,1,5,'Facture téléphonique','PHONEBILL','1-Billy/subcategories/phonebill.png','2024-07-01 12:29:31','2024-07-01 12:29:31'),(22,1,6,'Famille','FAMILY','1-Billy/subcategories/family.png','2024-07-01 12:29:31','2024-07-01 12:29:31'),(23,1,6,'Enfants','KIDS','1-Billy/subcategories/kids.png','2024-07-01 12:29:31','2024-07-01 12:29:31'),(24,1,6,'Education','EDUCATION','1-Billy/subcategories/education.png','2024-07-01 12:29:31','2024-07-01 12:29:31'),(25,1,7,'Santé','HEALTH','1-Billy/subcategories/health.png','2024-07-01 12:29:31','2024-07-01 12:29:31'),(26,1,9,'Santé','HEALTH','1-Billy/subcategories/health.png','2024-07-01 12:29:31','2024-07-01 12:29:31'),(27,1,7,'Sport','SPORT','1-Billy/subcategories/sport.png','2024-07-01 12:29:31','2024-07-01 12:29:31'),(28,1,8,'Voyage','TRAVEL','1-Billy/subcategories/travel.png','2024-07-01 12:29:31','2024-07-01 12:29:31'),(29,1,8,'Logement','HOUSING','1-Billy/subcategories/home.png','2024-07-01 12:29:31','2024-07-01 12:29:31'),(30,1,11,'Autre (Revenues)','OTHERS','1-Billy/subcategories/other_income.png','2024-07-01 12:29:31','2024-07-01 12:29:31'),(31,1,10,'Impôts','TAX','1-Billy/subcategories/tax.png','2024-07-01 12:29:31','2024-07-01 12:29:31'),(32,1,10,'Cigarettes','CIGARETTE','1-Billy/subcategories/cigarettes.png','2024-07-01 12:29:31','2024-07-01 12:29:31'),(33,1,12,'Revenues financiers','INCOME','1-Billy/subcategories/financial.png','2024-07-01 12:29:31','2024-07-01 12:29:31'),(34,1,13,'Salaire','SALARY','1-Billy/subcategories/salary.png','2024-07-01 12:29:31','2024-07-01 12:29:31'),(35,1,13,'Petits boulots','SMALLJOB','1-Billy/subcategories/smalljob.png','2024-07-01 12:29:31','2024-07-01 12:29:31'),(36,1,13,'Pension','PENSION','1-Billy/subcategories/pension.png','2024-07-01 12:29:31','2024-07-01 12:29:31'),(37,1,11,'Epargne','SAVING','1-Billy/subcategories/saving.png','2024-07-01 12:29:31','2024-07-01 12:29:31'),(38,1,14,'Recifense Cheers','recifense','1-Billy/subcategories/recifense.png','2024-07-01 13:07:07','2024-07-01 13:07:07'),(39,1,4,'Nikke','nikke','1-Billy/subcategories/nikke.jpg','2024-07-01 13:24:37','2024-07-01 13:24:37'),(40,1,4,'Steam','steam','1-Billy/subcategories/steam.png','2024-07-01 13:27:40','2024-07-01 17:12:32'),(42,1,4,'War Thunder','war-thunder','1-Billy/subcategories/war-thunder.png','2024-07-01 13:28:21','2024-07-01 13:28:21'),(43,1,4,'Enlisted','enlisted','1-Billy/subcategories/enlisted.png','2024-07-01 13:28:34','2024-07-01 13:28:34'),(44,1,4,'Discord','discord','1-Billy/subcategories/discord.png','2024-07-01 13:29:19','2024-07-01 13:29:19'),(45,1,1,'Uber Eats','uber-eats','1-Billy/subcategories/uber-eats.png','2024-07-01 13:30:59','2024-07-01 13:30:59'),(46,1,10,'Banque','banque','1-Billy/subcategories/banque.png','2024-07-01 13:32:11','2024-07-01 13:32:11'),(47,1,10,'Coalition plus','coalition','1-Billy/subcategories/coalition.png','2024-07-01 13:32:46','2024-07-01 13:32:46'),(48,1,4,'Sankaku','sankaku','1-Billy/subcategories/sankaku.png','2024-07-01 13:33:03','2024-07-01 13:33:03'),(49,1,10,'Carte débit','carte-debit','1-Billy/subcategories/carte-debit.png','2024-07-01 13:37:26','2024-07-01 13:37:26'),(50,1,15,'Liquiditées','liquiditees','1-Billy/subcategories/liquiditees.png','2024-07-01 13:38:27','2024-07-01 13:38:27'),(51,1,15,'Portefeuille','portefeuille','1-Billy/subcategories/portefeuille.png','2024-07-01 13:39:11','2024-07-01 13:39:11'),(52,1,4,'Luvr.ai','luvr-ai','1-Billy/subcategories/luvr-ai.png','2024-07-01 13:39:48','2024-07-01 13:39:48'),(53,1,4,'Spotify','spotify','1-Billy/subcategories/spotify.webp','2024-07-01 17:13:00','2024-07-01 17:13:43'),(54,1,4,'Azur Lane','azur-lane','1-Billy/subcategories/azur-lane.png','2024-07-16 13:29:41','2024-07-16 13:29:41'),(55,1,4,'Snowbreak','snowbreak','1-Billy/subcategories/snowbreak.jpg','2024-08-06 17:11:24','2024-08-06 17:11:24'),(56,1,4,'OnlyFans','onlyfans','1-Billy/subcategories/onlyfans.png','2024-08-23 16:56:43','2024-08-23 16:56:43'),(57,2,16,'Alimentation','FOOD','2-vilayhongs/subcategories/food.png','2024-09-03 17:08:26','2024-09-03 17:08:26'),(58,2,24,'Alimentation','FOOD','2-vilayhongs/subcategories/food.png','2024-09-03 17:08:26','2024-09-03 17:08:26'),(61,2,17,'Vêtements','CLOTHES','2-vilayhongs/subcategories/clothes.png ','2024-09-03 17:08:26','2024-09-03 17:08:26'),(62,2,17,'Courses','SHOPPING','2-vilayhongs/subcategories/shopping.png','2024-09-03 17:08:26','2024-09-03 17:08:26'),(63,2,17,'Chaussure','SHOES','2-vilayhongs/subcategories/shoes.png','2024-09-03 17:08:26','2024-09-03 17:08:26'),(64,2,17,'Cadeaux','GIFT','2-vilayhongs/subcategories/gift.png','2024-09-03 17:08:26','2024-09-03 17:08:26'),(65,2,18,'Transport','TRANSPORT','2-vilayhongs/subcategories/transport.png','2024-09-03 17:08:26','2024-09-03 17:08:26'),(66,2,23,'Transport','TRANSPORT','2-vilayhongs/subcategories/transport.png','2024-09-03 17:08:26','2024-09-03 17:08:26'),(67,2,18,'Voiture','CAR','2-vilayhongs/subcategories/car.png','2024-09-03 17:08:26','2024-09-03 17:08:26'),(68,2,18,'Carburant','FUEL','2-vilayhongs/subcategories/fuel.png','2024-09-03 17:08:26','2024-09-03 17:08:26'),(69,2,17,'Technologie','TECHNOLOGY','2-vilayhongs/subcategories/techo.png','2024-09-03 17:08:26','2024-09-03 17:08:26'),(70,2,18,'Assurance','INSURANCE','2-vilayhongs/subcategories/insurance.png','2024-09-03 17:08:26','2024-09-03 17:08:26'),(71,2,19,'Divertissement','ENTERTAINMENT','2-vilayhongs/subcategories/entertainment.png','2024-09-03 17:08:26','2024-09-03 17:08:26'),(72,2,19,'Livres/Revues','BOOKS','2-vilayhongs/subcategories/books.png','2024-09-03 17:08:26','2024-09-03 17:08:26'),(73,2,20,'Maison','HOUSE','2-vilayhongs/subcategories/home.png','2024-09-03 17:08:26','2024-09-03 17:08:26'),(74,2,20,'Loyer','RENT','2-vilayhongs/subcategories/rent.png','2024-09-03 17:08:26','2024-09-03 17:08:26'),(75,2,20,'Facture d\'énergie','ENERGYBILL','2-vilayhongs/subcategories/energybill.png','2024-09-03 17:08:26','2024-09-03 17:08:26'),(76,2,20,'Facture d\'eau','WATERBILL','2-vilayhongs/subcategories/waterbill.png','2024-09-03 17:08:26','2024-09-03 17:08:26'),(77,2,20,'Facture téléphonique','PHONEBILL','2-vilayhongs/subcategories/phonebill.png','2024-09-03 17:08:26','2024-09-03 17:08:26'),(78,2,21,'Famille','FAMILY','2-vilayhongs/subcategories/family.png','2024-09-03 17:08:26','2024-09-03 17:08:26'),(79,2,21,'Enfants','KIDS','2-vilayhongs/subcategories/kids.png','2024-09-03 17:08:26','2024-09-03 17:08:26'),(80,2,21,'Education','EDUCATION','2-vilayhongs/subcategories/education.png','2024-09-03 17:08:26','2024-09-03 17:08:26'),(81,2,22,'Santé','HEALTH','2-vilayhongs/subcategories/health.png','2024-09-03 17:08:26','2024-09-03 17:08:26'),(82,2,24,'Santé','HEALTH','2-vilayhongs/subcategories/health.png','2024-09-03 17:08:26','2024-09-03 17:08:26'),(83,2,22,'Sport','SPORT','2-vilayhongs/subcategories/sport.png','2024-09-03 17:08:26','2024-09-03 17:08:26'),(84,2,23,'Voyage','TRAVEL','2-vilayhongs/subcategories/travel.png','2024-09-03 17:08:26','2024-09-03 17:08:26'),(85,2,23,'Logement','HOUSING','2-vilayhongs/subcategories/home.png','2024-09-03 17:08:26','2024-09-03 17:08:26'),(86,2,26,'Autre (Revenues)','OTHERS','2-vilayhongs/subcategories/other_income.png','2024-09-03 17:08:26','2024-09-03 17:08:26'),(87,2,25,'Impôts','TAX','2-vilayhongs/subcategories/tax.png','2024-09-03 17:08:26','2024-09-03 17:08:26'),(88,2,25,'Cigarettes','CIGARETTE','2-vilayhongs/subcategories/cigarettes.png','2024-09-03 17:08:26','2024-09-03 17:08:26'),(89,2,27,'Revenues financiers','INCOME','2-vilayhongs/subcategories/financial.png','2024-09-03 17:08:26','2024-09-03 17:08:26'),(90,2,28,'Salaire','SALARY','2-vilayhongs/subcategories/salary.png','2024-09-03 17:08:26','2024-09-03 17:08:26'),(91,2,28,'Petits boulots','SMALLJOB','2-vilayhongs/subcategories/smalljob.png','2024-09-03 17:08:26','2024-09-03 17:08:26'),(92,2,28,'Pension','PENSION','2-vilayhongs/subcategories/pension.png','2024-09-03 17:08:26','2024-09-03 17:08:26'),(93,2,26,'Epargne','SAVING','2-vilayhongs/subcategories/saving.png','2024-09-03 17:08:26','2024-09-03 17:08:26'),(94,2,19,'jeu video abo','abo','2-vilayhongs/subcategories/abo.png','2024-09-03 17:13:43','2024-09-03 17:13:43'),(95,2,17,'vapoteuse','e liquide','2-vilayhongs/subcategories/e liquide.png','2024-09-03 17:15:14','2024-09-03 17:15:14'),(104,3,31,'Transport','TRANSPORT','3-Ferreira/subcategories/transport.png','2024-09-28 15:14:57','2024-09-28 15:14:57'),(106,3,36,'Transport','TRANSPORT','3-Ferreira/subcategories/transport.png','2024-09-28 15:14:57','2024-09-28 15:14:57'),(107,3,31,'Voiture','CAR','3-Ferreira/subcategories/car.png','2024-09-28 15:14:57','2024-09-28 15:14:57'),(108,3,31,'Carburant','GAZOLE','3-Ferreira/subcategories/fuel.png','2024-09-28 15:14:57','2024-09-28 15:17:10'),(109,3,31,'Assurance','INSURANCE','3-Ferreira/subcategories/insurance.png','2024-09-28 15:14:57','2024-09-28 15:14:57'),(110,3,32,'Divertissement','ENTERTAINMENT','3-Ferreira/subcategories/entertainment.png','2024-09-28 15:14:57','2024-09-28 15:14:57'),(111,3,32,'Livres/Revues','BOOKS','3-Ferreira/subcategories/books.png','2024-09-28 15:14:57','2024-09-28 15:14:57'),(112,3,33,'Maison','HOUSE','3-Ferreira/subcategories/home.png','2024-09-28 15:14:57','2024-09-28 15:14:57'),(113,3,33,'Loyer','RENT','3-Ferreira/subcategories/rent.png','2024-09-28 15:14:57','2024-09-28 15:14:57'),(114,3,33,'Facture d\'énergie','ENERGYBILL','3-Ferreira/subcategories/energybill.png','2024-09-28 15:14:57','2024-09-28 15:14:57'),(115,3,33,'Facture d\'eau','WATERBILL','3-Ferreira/subcategories/waterbill.png','2024-09-28 15:14:57','2024-09-28 15:14:57'),(116,3,33,'Facture téléphonique','PHONEBILL','3-Ferreira/subcategories/phonebill.png','2024-09-28 15:14:57','2024-09-28 15:14:57'),(120,3,35,'Santé','HEALTH','3-Ferreira/subcategories/health.png','2024-09-28 15:14:57','2024-09-28 15:14:57'),(122,3,35,'Sport','SPORT','3-Ferreira/subcategories/sport.png','2024-09-28 15:14:57','2024-09-28 15:14:57'),(123,3,36,'Voyage','TRAVEL','3-Ferreira/subcategories/travel.png','2024-09-28 15:14:57','2024-09-28 15:14:57'),(124,3,36,'Logement','HOUSING','3-Ferreira/subcategories/home.png','2024-09-28 15:14:57','2024-09-28 15:14:57'),(125,3,39,'Autre (Revenues)','OTHERS','3-Ferreira/subcategories/other_income.png','2024-09-28 15:14:57','2024-09-28 15:14:57'),(126,3,38,'Impôts','TAX','3-Ferreira/subcategories/tax.png','2024-09-28 15:14:57','2024-09-28 15:14:57'),(127,3,38,'Cigarettes','CIGARETTE','3-Ferreira/subcategories/cigarettes.png','2024-09-28 15:14:57','2024-09-28 15:14:57'),(128,3,40,'Revenues financiers','INCOME','3-Ferreira/subcategories/financial.png','2024-09-28 15:14:57','2024-09-28 15:14:57'),(129,3,41,'Salaire','SALARY','3-Ferreira/subcategories/salary.png','2024-09-28 15:14:57','2024-09-28 15:14:57'),(130,3,41,'Petits boulots','SMALLJOB','3-Ferreira/subcategories/smalljob.png','2024-09-28 15:14:57','2024-09-28 15:14:57'),(131,3,41,'Pension','PENSION','3-Ferreira/subcategories/pension.png','2024-09-28 15:14:57','2024-09-28 15:14:57'),(132,3,39,'Epargne','SAVING','3-Ferreira/subcategories/saving.png','2024-09-28 15:14:57','2024-09-28 15:14:57'),(133,3,32,'Simulcast / Streaming','Stream','3-Ferreira/subcategories/Stream.png','2024-09-28 15:28:27','2024-09-28 15:28:27'),(134,3,32,'Jeux,','Jeux','3-Ferreira/subcategories/Jeux.png','2024-09-28 15:29:44','2024-09-28 15:29:44'),(135,3,32,'Autre internet','autre','3-Ferreira/subcategories/autre.png','2024-09-28 15:37:23','2024-09-28 15:37:23'),(136,3,38,'Credit voiture','credit ','3-Ferreira/subcategories/credit .png','2024-09-28 15:47:59','2024-09-28 15:47:59');
/*!40000 ALTER TABLE `SUBCATEGORY` ENABLE KEYS */;
UNLOCK TABLES;

--
-- Table structure for table `SequelizeMeta`
--

DROP TABLE IF EXISTS `SequelizeMeta`;
/*!40101 SET @saved_cs_client     = @@character_set_client */;
/*!50503 SET character_set_client = utf8mb4 */;
CREATE TABLE `SequelizeMeta` (
  `name` varchar(255) NOT NULL,
  PRIMARY KEY (`name`),
  UNIQUE KEY `name` (`name`)
) ENGINE=InnoDB DEFAULT CHARSET=utf8 COLLATE=utf8_unicode_ci;
/*!40101 SET character_set_client = @saved_cs_client */;

--
-- Dumping data for table `SequelizeMeta`
--

LOCK TABLES `SequelizeMeta` WRITE;
/*!40000 ALTER TABLE `SequelizeMeta` DISABLE KEYS */;
INSERT INTO `SequelizeMeta` VALUES ('20240506000000-create-user.js'),('20240506000001-create-category.js'),('20240506000002-create-subcategory.js'),('20240506000003-create-accounttype.js'),('20240506000004-create-account.js'),('20240506000005-create-transaction.js'),('20240506000006-create-budget.js'),('20240506000007-create-plannified-transaction.js'),('20240506000008-create-transfer.js'),('20240506000009-create-planned-transfer.js'),('20240729123213-add-isplanned-transaction-transfer.js');
/*!40000 ALTER TABLE `SequelizeMeta` ENABLE KEYS */;
UNLOCK TABLES;

--
-- Table structure for table `TRANSACTION`
--

DROP TABLE IF EXISTS `TRANSACTION`;
/*!40101 SET @saved_cs_client     = @@character_set_client */;
/*!50503 SET character_set_client = utf8mb4 */;
CREATE TABLE `TRANSACTION` (
  `ID` int(20) NOT NULL AUTO_INCREMENT,
  `USER_ID` int(20) NOT NULL,
  `ACCOUNT_ID` int(20) NOT NULL,
  `DATA` text DEFAULT NULL,
  `TO` text DEFAULT NULL,
  `OTHER` text DEFAULT NULL,
  `TRANSACTION_DATE` datetime NOT NULL,
  `TYPE` enum('INCOME','EXPECTED_INCOME','EXPENSE','EXPECTED_EXPENSE','TRANSFER','EXPECTED_TRANSFERT','INTEREST') NOT NULL DEFAULT 'EXPENSE',
  `CREATION_DATE` datetime NOT NULL,
  `MODIFICATION_DATE` datetime DEFAULT NULL,
  `DELETED_ON` datetime DEFAULT NULL,
  `IS_PLANNED` int(20) DEFAULT NULL,
  PRIMARY KEY (`ID`),
  KEY `USER_ID` (`USER_ID`),
  KEY `ACCOUNT_ID` (`ACCOUNT_ID`),
  CONSTRAINT `TRANSACTION_ibfk_1` FOREIGN KEY (`USER_ID`) REFERENCES `USER` (`ID`) ON DELETE CASCADE,
  CONSTRAINT `TRANSACTION_ibfk_2` FOREIGN KEY (`ACCOUNT_ID`) REFERENCES `ACCOUNT` (`ID`) ON DELETE CASCADE
) ENGINE=InnoDB AUTO_INCREMENT=228 DEFAULT CHARSET=utf8mb4 COLLATE=utf8mb4_general_ci;
/*!40101 SET character_set_client = @saved_cs_client */;

--
-- Dumping data for table `TRANSACTION`
--

LOCK TABLES `TRANSACTION` WRITE;
/*!40000 ALTER TABLE `TRANSACTION` DISABLE KEYS */;
INSERT INTO `TRANSACTION` VALUES (1,1,2,'[{\"category\":{\"id\":13,\"genre\":\"INCOME\",\"userId\":1,\"name\":\"Revenus\",\"type\":\"INCOME\",\"imagePath\":\"1-Billy/categories/income.png\",\"creationDate\":\"2024-07-01T12:29:31.000Z\",\"modificationDate\":\"2024-07-01T12:29:31.000Z\"},\"subCategory\":{\"id\":34,\"userId\":1,\"categoryId\":13,\"name\":\"Salaire\",\"type\":\"SALARY\",\"imagePath\":\"1-Billy/subcategories/salary.png\",\"creationDate\":\"2024-07-01T12:29:31.000Z\",\"modificationDate\":\"2024-07-01T12:29:31.000Z\"},\"amount\":\"1842.68\"}]','','','2024-07-01 08:00:00','INCOME','2024-07-01 17:00:18','2024-07-01 17:00:18',NULL,NULL),(2,1,2,'[{\"category\":{\"id\":1,\"genre\":\"OUTCOME\",\"userId\":1,\"name\":\"Alimentations\",\"type\":\"FOOD\",\"imagePath\":\"1-Billy/categories/food.png\",\"creationDate\":\"2024-07-01T12:29:31.000Z\",\"modificationDate\":\"2024-07-01T12:29:31.000Z\"},\"subCategory\":{\"id\":1,\"userId\":1,\"categoryId\":1,\"name\":\"Alimentation\",\"type\":\"FOOD\",\"imagePath\":\"1-Billy/subcategories/food.png\",\"creationDate\":\"2024-07-01T12:29:31.000Z\",\"modificationDate\":\"2024-07-01T12:29:31.000Z\"},\"amount\":\"9.40\"}]','','','2024-07-01 10:45:00','EXPENSE','2024-07-01 17:01:56','2024-07-01 17:01:56',NULL,NULL),(3,1,2,'[{\"category\":{\"id\":4,\"genre\":\"OUTCOME\",\"userId\":1,\"name\":\"Divertissement\",\"type\":\"ENTERTAINMENT\",\"imagePath\":\"1-Billy/categories/entertainment.png\",\"creationDate\":\"2024-07-01T12:29:31.000Z\",\"modificationDate\":\"2024-07-01T12:29:31.000Z\"},\"subCategory\":{\"id\":39,\"userId\":1,\"categoryId\":4,\"name\":\"Nikke\",\"type\":\"nikke\",\"imagePath\":\"1-Billy/subcategories/nikke.jpg\",\"creationDate\":\"2024-07-01T13:24:37.000Z\",\"modificationDate\":\"2024-07-01T13:24:37.000Z\"},\"amount\":\"19.51\"}]','','','2024-07-02 07:00:00','EXPENSE','2024-07-02 07:29:13','2024-07-02 07:29:13',NULL,NULL),(4,1,2,'[{\"category\":{\"id\":4,\"genre\":\"OUTCOME\",\"userId\":1,\"name\":\"Divertissement\",\"type\":\"ENTERTAINMENT\",\"imagePath\":\"1-Billy/categories/entertainment.png\",\"creationDate\":\"2024-07-01T12:29:31.000Z\",\"modificationDate\":\"2024-07-01T12:29:31.000Z\"},\"subCategory\":{\"id\":39,\"userId\":1,\"categoryId\":4,\"name\":\"Nikke\",\"type\":\"nikke\",\"imagePath\":\"1-Billy/subcategories/nikke.jpg\",\"creationDate\":\"2024-07-01T13:24:37.000Z\",\"modificationDate\":\"2024-07-01T13:24:37.000Z\"},\"amount\":\"9.74\"}]','','','2024-07-02 07:00:00','EXPENSE','2024-07-02 07:29:25','2024-07-02 07:29:25',NULL,NULL),(5,1,2,'[{\"category\":{\"id\":1,\"genre\":\"OUTCOME\",\"userId\":1,\"name\":\"Alimentations\",\"type\":\"FOOD\",\"imagePath\":\"1-Billy/categories/food.png\",\"creationDate\":\"2024-07-01T12:29:31.000Z\",\"modificationDate\":\"2024-07-01T12:29:31.000Z\"},\"subCategory\":{\"id\":1,\"userId\":1,\"categoryId\":1,\"name\":\"Alimentation\",\"type\":\"FOOD\",\"imagePath\":\"1-Billy/subcategories/food.png\",\"creationDate\":\"2024-07-01T12:29:31.000Z\",\"modificationDate\":\"2024-07-01T12:29:31.000Z\"},\"amount\":\"9.40\"}]','','','2024-07-01 10:45:00','EXPENSE','2024-07-02 08:13:28','2024-07-02 08:13:28',NULL,NULL),(6,1,2,'[{\"category\":{\"id\":1,\"genre\":\"OUTCOME\",\"userId\":1,\"name\":\"Alimentations\",\"type\":\"FOOD\",\"imagePath\":\"1-Billy/categories/food.png\",\"creationDate\":\"2024-07-01T12:29:31.000Z\",\"modificationDate\":\"2024-07-01T12:29:31.000Z\"},\"subCategory\":{\"id\":1,\"userId\":1,\"categoryId\":1,\"name\":\"Alimentation\",\"type\":\"FOOD\",\"imagePath\":\"1-Billy/subcategories/food.png\",\"creationDate\":\"2024-07-01T12:29:31.000Z\",\"modificationDate\":\"2024-07-01T12:29:31.000Z\"},\"amount\":\"10.90\"}]','','','2024-07-02 10:45:00','EXPENSE','2024-07-02 10:57:37','2024-07-02 10:57:37',NULL,NULL),(7,1,2,'[{\"category\":{\"id\":4,\"genre\":\"OUTCOME\",\"userId\":1,\"name\":\"Divertissement\",\"type\":\"ENTERTAINMENT\",\"imagePath\":\"1-Billy/categories/entertainment.png\",\"creationDate\":\"2024-07-01T12:29:31.000Z\",\"modificationDate\":\"2024-07-01T12:29:31.000Z\"},\"subCategory\":{\"id\":53,\"userId\":1,\"categoryId\":4,\"name\":\"Spotify\",\"type\":\"spotify\",\"imagePath\":\"1-Billy/subcategories/spotify.webp\",\"creationDate\":\"2024-07-01T17:13:00.000Z\",\"modificationDate\":\"2024-07-01T17:13:43.000Z\"},\"amount\":\"11.12\"}]','','','2024-07-02 13:00:00','EXPENSE','2024-07-02 13:00:00','2024-07-05 12:31:44',NULL,1),(8,1,2,'[{\"category\":{\"id\":10,\"genre\":\"OUTCOME\",\"userId\":1,\"name\":\"Autre (Dépenses)\",\"type\":\"OTHER\",\"imagePath\":\"1-Billy/categories/other.png\",\"creationDate\":\"2024-07-01T12:29:31.000Z\",\"modificationDate\":\"2024-07-01T12:29:31.000Z\"},\"subCategory\":{\"id\":46,\"userId\":1,\"categoryId\":10,\"name\":\"Banque\",\"type\":\"banque\",\"imagePath\":\"1-Billy/subcategories/banque.png\",\"creationDate\":\"2024-07-01T13:32:11.000Z\",\"modificationDate\":\"2024-07-01T13:32:11.000Z\"},\"amount\":\"4.28\"}]','','','2024-07-03 08:00:00','EXPENSE','2024-07-03 08:00:00','2024-07-03 08:00:00',NULL,1),(9,1,2,'[{\"category\":{\"id\":3,\"genre\":\"OUTCOME\",\"userId\":1,\"name\":\"Transport\",\"type\":\"TRANSPORT\",\"imagePath\":\"1-Billy/categories/transport.png\",\"creationDate\":\"2024-07-01T12:29:31.000Z\",\"modificationDate\":\"2024-07-01T12:29:31.000Z\"},\"subCategory\":{\"id\":10,\"userId\":1,\"categoryId\":3,\"name\":\"Transport\",\"type\":\"TRANSPORT\",\"imagePath\":\"1-Billy/subcategories/transport.png\",\"creationDate\":\"2024-07-01T12:29:31.000Z\",\"modificationDate\":\"2024-07-01T12:29:31.000Z\"},\"amount\":\"86.40\"}]','','Navigo','2024-07-03 08:00:00','EXPENSE','2024-07-03 08:00:00','2024-07-03 08:00:00',NULL,1),(10,1,2,'[{\"category\":{\"id\":14,\"genre\":\"OUTCOME\",\"userId\":1,\"name\":\"Patreon\",\"type\":\"patreon\",\"imagePath\":\"1-Billy/categories/patreon.png\",\"creationDate\":\"2024-07-01T13:00:26.000Z\",\"modificationDate\":\"2024-07-01T13:00:26.000Z\"},\"subCategory\":{\"id\":38,\"userId\":1,\"categoryId\":14,\"name\":\"Recifense Cheers\",\"type\":\"recifense\",\"imagePath\":\"1-Billy/subcategories/recifense.png\",\"creationDate\":\"2024-07-01T13:07:07.000Z\",\"modificationDate\":\"2024-07-01T13:07:07.000Z\"},\"amount\":\"1.20\"}]','','','2024-07-03 08:00:00','EXPENSE','2024-07-03 08:00:00','2024-07-03 08:00:00',NULL,1),(11,1,2,'[{\"category\":{\"id\":1,\"genre\":\"OUTCOME\",\"userId\":1,\"name\":\"Alimentations\",\"type\":\"FOOD\",\"imagePath\":\"1-Billy/categories/food.png\",\"creationDate\":\"2024-07-01T12:29:31.000Z\",\"modificationDate\":\"2024-07-01T12:29:31.000Z\"},\"subCategory\":{\"id\":1,\"userId\":1,\"categoryId\":1,\"name\":\"Alimentation\",\"type\":\"FOOD\",\"imagePath\":\"1-Billy/subcategories/food.png\",\"creationDate\":\"2024-07-01T12:29:31.000Z\",\"modificationDate\":\"2024-07-01T12:29:31.000Z\"},\"amount\":\"9.40\"}]','','','2024-07-03 10:48:02','EXPENSE','2024-07-03 10:48:29','2024-07-03 10:48:29',NULL,NULL),(12,1,2,'[{\"category\":{\"id\":1,\"genre\":\"OUTCOME\",\"userId\":1,\"name\":\"Alimentations\",\"type\":\"FOOD\",\"imagePath\":\"1-Billy/categories/food.png\",\"creationDate\":\"2024-07-01T12:29:31.000Z\",\"modificationDate\":\"2024-07-01T12:29:31.000Z\"},\"subCategory\":{\"id\":3,\"userId\":1,\"categoryId\":1,\"name\":\"Restaurant\",\"type\":\"RESTAURANT\",\"imagePath\":\"1-Billy/subcategories/restaurant.png\",\"creationDate\":\"2024-07-01T12:29:31.000Z\",\"modificationDate\":\"2024-07-01T12:29:31.000Z\"},\"amount\":\"15.75\"}]','','Chinois','2024-07-04 10:46:13','EXPENSE','2024-07-04 10:47:15','2024-07-04 10:47:15',NULL,NULL),(13,1,2,'[{\"category\":{\"id\":5,\"genre\":\"OUTCOME\",\"userId\":1,\"name\":\"Maison\",\"type\":\"HOME\",\"imagePath\":\"1-Billy/categories/home.png\",\"creationDate\":\"2024-07-01T12:29:31.000Z\",\"modificationDate\":\"2024-07-01T12:29:31.000Z\"},\"subCategory\":{\"id\":18,\"userId\":1,\"categoryId\":5,\"name\":\"Loyer\",\"type\":\"RENT\",\"imagePath\":\"1-Billy/subcategories/rent.png\",\"creationDate\":\"2024-07-01T12:29:31.000Z\",\"modificationDate\":\"2024-07-01T12:29:31.000Z\"},\"amount\":\"300\"}]','','Famille','2024-07-05 08:00:00','EXPENSE','2024-07-05 08:00:00','2024-07-05 08:00:00',NULL,1),(14,1,2,'[{\"category\":{\"id\":10,\"genre\":\"OUTCOME\",\"userId\":1,\"name\":\"Autre (Dépenses)\",\"type\":\"OTHER\",\"imagePath\":\"1-Billy/categories/other.png\",\"creationDate\":\"2024-07-01T12:29:31.000Z\",\"modificationDate\":\"2024-07-01T12:29:31.000Z\"},\"subCategory\":{\"id\":47,\"userId\":1,\"categoryId\":10,\"name\":\"Coalition plus\",\"type\":\"coalition\",\"imagePath\":\"1-Billy/subcategories/coalition.png\",\"creationDate\":\"2024-07-01T13:32:46.000Z\",\"modificationDate\":\"2024-07-01T13:32:46.000Z\"},\"amount\":\"10\"}]','','','2024-07-05 08:00:00','EXPENSE','2024-07-05 08:00:00','2024-07-05 08:00:00',NULL,1),(15,1,2,'[{\"category\":{\"id\":4,\"genre\":\"OUTCOME\",\"userId\":1,\"name\":\"Divertissement\",\"type\":\"ENTERTAINMENT\",\"imagePath\":\"1-Billy/categories/entertainment.png\",\"creationDate\":\"2024-07-01T12:29:31.000Z\",\"modificationDate\":\"2024-07-01T12:29:31.000Z\"},\"subCategory\":{\"id\":48,\"userId\":1,\"categoryId\":4,\"name\":\"Sankaku\",\"type\":\"sankaku\",\"imagePath\":\"1-Billy/subcategories/sankaku.png\",\"creationDate\":\"2024-07-01T13:33:03.000Z\",\"modificationDate\":\"2024-07-01T13:33:03.000Z\"},\"amount\":\"9.99\"}]','','','2024-07-05 08:00:00','EXPENSE','2024-07-05 08:00:00','2024-07-05 08:00:00',NULL,1),(16,1,2,'[{\"category\":{\"id\":1,\"genre\":\"OUTCOME\",\"userId\":1,\"name\":\"Alimentations\",\"type\":\"FOOD\",\"imagePath\":\"1-Billy/categories/food.png\",\"creationDate\":\"2024-07-01T12:29:31.000Z\",\"modificationDate\":\"2024-07-01T12:29:31.000Z\"},\"subCategory\":{\"id\":1,\"userId\":1,\"categoryId\":1,\"name\":\"Alimentation\",\"type\":\"FOOD\",\"imagePath\":\"1-Billy/subcategories/food.png\",\"creationDate\":\"2024-07-01T12:29:31.000Z\",\"modificationDate\":\"2024-07-01T12:29:31.000Z\"},\"amount\":\"8.30\"}]','','','2024-07-05 10:48:55','EXPENSE','2024-07-05 10:49:17','2024-07-05 10:49:17',NULL,NULL),(17,1,2,'[{\"category\":{\"id\":4,\"genre\":\"OUTCOME\",\"userId\":1,\"name\":\"Divertissement\",\"type\":\"ENTERTAINMENT\",\"imagePath\":\"1-Billy/categories/entertainment.png\",\"creationDate\":\"2024-07-01T12:29:31.000Z\",\"modificationDate\":\"2024-07-01T12:29:31.000Z\"},\"subCategory\":{\"id\":40,\"userId\":1,\"categoryId\":4,\"name\":\"Steam\",\"type\":\"steam\",\"imagePath\":\"1-Billy/subcategories/steam.png\",\"creationDate\":\"2024-07-01T13:27:40.000Z\",\"modificationDate\":\"2024-07-01T17:12:32.000Z\"},\"amount\":\"4.99\"}]','','','2024-07-05 20:44:49','EXPENSE','2024-07-05 20:45:04','2024-07-05 20:45:04',NULL,NULL),(18,1,2,'[{\"category\":{\"id\":4,\"genre\":\"OUTCOME\",\"userId\":1,\"name\":\"Divertissement\",\"type\":\"ENTERTAINMENT\",\"imagePath\":\"1-Billy/categories/entertainment.png\",\"creationDate\":\"2024-07-01T12:29:31.000Z\",\"modificationDate\":\"2024-07-01T12:29:31.000Z\"},\"subCategory\":{\"id\":40,\"userId\":1,\"categoryId\":4,\"name\":\"Steam\",\"type\":\"steam\",\"imagePath\":\"1-Billy/subcategories/steam.png\",\"creationDate\":\"2024-07-01T13:27:40.000Z\",\"modificationDate\":\"2024-07-01T17:12:32.000Z\"},\"amount\":\"7.99\"}]','','','2024-07-06 08:00:00','EXPENSE','2024-07-06 08:00:00','2024-07-06 08:00:00',NULL,1),(19,1,1,'[{\"category\":{\"id\":2,\"genre\":\"OUTCOME\",\"userId\":1,\"name\":\"Courses\",\"type\":\"SHOPPING\",\"imagePath\":\"1-Billy/categories/shopping.png\",\"creationDate\":\"2024-07-01T12:29:31.000Z\",\"modificationDate\":\"2024-07-01T12:29:31.000Z\"},\"subCategory\":{\"id\":5,\"userId\":1,\"categoryId\":2,\"name\":\"Courses\",\"type\":\"SHOPPING\",\"imagePath\":\"1-Billy/subcategories/shopping.png\",\"creationDate\":\"2024-07-01T12:29:31.000Z\",\"modificationDate\":\"2024-07-01T12:29:31.000Z\"},\"amount\":\"5\"}]','','','2024-07-06 09:31:26','EXPENSE','2024-07-06 09:31:38','2024-07-06 09:31:38',NULL,NULL),(20,1,2,'[{\"category\":{\"id\":4,\"genre\":\"OUTCOME\",\"userId\":1,\"name\":\"Divertissement\",\"type\":\"ENTERTAINMENT\",\"imagePath\":\"1-Billy/categories/entertainment.png\",\"creationDate\":\"2024-07-01T12:29:31.000Z\",\"modificationDate\":\"2024-07-01T12:29:31.000Z\"},\"subCategory\":{\"id\":39,\"userId\":1,\"categoryId\":4,\"name\":\"Nikke\",\"type\":\"nikke\",\"imagePath\":\"1-Billy/subcategories/nikke.jpg\",\"creationDate\":\"2024-07-01T13:24:37.000Z\",\"modificationDate\":\"2024-07-01T13:24:37.000Z\"},\"amount\":\"9.63\"}]','','','2024-07-06 20:39:54','EXPENSE','2024-07-06 20:40:13','2024-07-06 20:40:13',NULL,NULL),(21,1,2,'[{\"category\":{\"id\":4,\"genre\":\"OUTCOME\",\"userId\":1,\"name\":\"Divertissement\",\"type\":\"ENTERTAINMENT\",\"imagePath\":\"1-Billy/categories/entertainment.png\",\"creationDate\":\"2024-07-01T12:29:31.000Z\",\"modificationDate\":\"2024-07-01T12:29:31.000Z\"},\"subCategory\":{\"id\":39,\"userId\":1,\"categoryId\":4,\"name\":\"Nikke\",\"type\":\"nikke\",\"imagePath\":\"1-Billy/subcategories/nikke.jpg\",\"creationDate\":\"2024-07-01T13:24:37.000Z\",\"modificationDate\":\"2024-07-01T13:24:37.000Z\"},\"amount\":\"9.64\"}]','','','2024-07-08 22:32:27','EXPENSE','2024-07-08 22:32:39','2024-07-10 07:37:29',NULL,NULL),(22,1,2,'[{\"category\":{\"id\":1,\"genre\":\"OUTCOME\",\"userId\":1,\"name\":\"Alimentations\",\"type\":\"FOOD\",\"imagePath\":\"1-Billy/categories/food.png\",\"creationDate\":\"2024-07-01T12:29:31.000Z\",\"modificationDate\":\"2024-07-01T12:29:31.000Z\"},\"subCategory\":{\"id\":1,\"userId\":1,\"categoryId\":1,\"name\":\"Alimentation\",\"type\":\"FOOD\",\"imagePath\":\"1-Billy/subcategories/food.png\",\"creationDate\":\"2024-07-01T12:29:31.000Z\",\"modificationDate\":\"2024-07-01T12:29:31.000Z\"},\"amount\":\"8.30\"}]','','','2024-07-09 10:47:35','EXPENSE','2024-07-09 10:47:45','2024-07-09 10:47:45',NULL,NULL),(23,1,2,'[{\"category\":{\"id\":1,\"genre\":\"OUTCOME\",\"userId\":1,\"name\":\"Alimentations\",\"type\":\"FOOD\",\"imagePath\":\"1-Billy/categories/food.png\",\"creationDate\":\"2024-07-01T12:29:31.000Z\",\"modificationDate\":\"2024-07-01T12:29:31.000Z\"},\"subCategory\":{\"id\":1,\"userId\":1,\"categoryId\":1,\"name\":\"Alimentation\",\"type\":\"FOOD\",\"imagePath\":\"1-Billy/subcategories/food.png\",\"creationDate\":\"2024-07-01T12:29:31.000Z\",\"modificationDate\":\"2024-07-01T12:29:31.000Z\"},\"amount\":\"8.30\"}]','','','2024-07-10 10:50:50','EXPENSE','2024-07-10 10:51:00','2024-07-10 10:51:00',NULL,NULL),(24,1,11,'[{\"category\":{\"id\":12,\"genre\":\"INCOME\",\"userId\":1,\"name\":\"Revenus financier\",\"type\":\"FINANCIAL\",\"imagePath\":\"1-Billy/categories/financial.png\",\"creationDate\":\"2024-07-01T12:29:31.000Z\",\"modificationDate\":\"2024-07-01T12:29:31.000Z\"},\"subCategory\":{\"id\":33,\"userId\":1,\"categoryId\":12,\"name\":\"Revenues financiers\",\"type\":\"INCOME\",\"imagePath\":\"1-Billy/subcategories/financial.png\",\"creationDate\":\"2024-07-01T12:29:31.000Z\",\"modificationDate\":\"2024-07-01T12:29:31.000Z\",\"category\":{\"id\":12,\"genre\":\"INCOME\",\"userId\":1,\"name\":\"Revenus financier\",\"type\":\"FINANCIAL\",\"imagePath\":\"1-Billy/categories/financial.png\",\"creationDate\":\"2024-07-01T12:29:31.000Z\",\"modificationDate\":\"2024-07-01T12:29:31.000Z\"}},\"amount\":0.01}]',NULL,'Daily interest','2024-07-10 21:00:00','INTEREST','2024-07-10 21:00:00','2024-07-10 21:00:00',NULL,1),(25,1,2,'[{\"category\":{\"id\":1,\"genre\":\"OUTCOME\",\"userId\":1,\"name\":\"Alimentations\",\"type\":\"FOOD\",\"imagePath\":\"1-Billy/categories/food.png\",\"creationDate\":\"2024-07-01T12:29:31.000Z\",\"modificationDate\":\"2024-07-01T12:29:31.000Z\"},\"subCategory\":{\"id\":1,\"userId\":1,\"categoryId\":1,\"name\":\"Alimentation\",\"type\":\"FOOD\",\"imagePath\":\"1-Billy/subcategories/food.png\",\"creationDate\":\"2024-07-01T12:29:31.000Z\",\"modificationDate\":\"2024-07-01T12:29:31.000Z\"},\"amount\":\"8.70\"}]','','','2024-07-11 10:46:39','EXPENSE','2024-07-11 10:47:02','2024-07-11 10:47:02',NULL,NULL),(26,1,2,'[{\"category\":{\"id\":1,\"genre\":\"OUTCOME\",\"userId\":1,\"name\":\"Alimentations\",\"type\":\"FOOD\",\"imagePath\":\"1-Billy/categories/food.png\",\"creationDate\":\"2024-07-01T12:29:31.000Z\",\"modificationDate\":\"2024-07-01T12:29:31.000Z\"},\"subCategory\":{\"id\":1,\"userId\":1,\"categoryId\":1,\"name\":\"Alimentation\",\"type\":\"FOOD\",\"imagePath\":\"1-Billy/subcategories/food.png\",\"creationDate\":\"2024-07-01T12:29:31.000Z\",\"modificationDate\":\"2024-07-01T12:29:31.000Z\"},\"amount\":\"8.30\"}]','','','2024-07-12 10:46:28','EXPENSE','2024-07-12 10:46:38','2024-07-12 10:46:38',NULL,NULL),(27,1,11,'[{\"category\":{\"id\":12,\"genre\":\"INCOME\",\"userId\":1,\"name\":\"Revenus financier\",\"type\":\"FINANCIAL\",\"imagePath\":\"1-Billy/categories/financial.png\",\"creationDate\":\"2024-07-01T12:29:31.000Z\",\"modificationDate\":\"2024-07-01T12:29:31.000Z\"},\"subCategory\":{\"id\":33,\"userId\":1,\"categoryId\":12,\"name\":\"Revenues financiers\",\"type\":\"INCOME\",\"imagePath\":\"1-Billy/subcategories/financial.png\",\"creationDate\":\"2024-07-01T12:29:31.000Z\",\"modificationDate\":\"2024-07-01T12:29:31.000Z\",\"category\":{\"id\":12,\"genre\":\"INCOME\",\"userId\":1,\"name\":\"Revenus financier\",\"type\":\"FINANCIAL\",\"imagePath\":\"1-Billy/categories/financial.png\",\"creationDate\":\"2024-07-01T12:29:31.000Z\",\"modificationDate\":\"2024-07-01T12:29:31.000Z\"}},\"amount\":0.01}]',NULL,'Daily interest','2024-07-12 21:00:00','INTEREST','2024-07-12 21:00:00','2024-07-12 21:00:00',NULL,1),(28,1,2,'[{\"category\":{\"id\":4,\"genre\":\"OUTCOME\",\"userId\":1,\"name\":\"Divertissement\",\"type\":\"ENTERTAINMENT\",\"imagePath\":\"1-Billy/categories/entertainment.png\",\"creationDate\":\"2024-07-01T12:29:31.000Z\",\"modificationDate\":\"2024-07-01T12:29:31.000Z\"},\"subCategory\":{\"id\":44,\"userId\":1,\"categoryId\":4,\"name\":\"Discord\",\"type\":\"discord\",\"imagePath\":\"1-Billy/subcategories/discord.png\",\"creationDate\":\"2024-07-01T13:29:19.000Z\",\"modificationDate\":\"2024-07-01T13:29:19.000Z\"},\"amount\":\"4.99\"}]','','Rod24','2024-07-14 08:00:00','EXPENSE','2024-07-14 08:00:00','2024-07-14 08:00:00',NULL,1),(29,1,11,'[{\"category\":{\"id\":12,\"genre\":\"INCOME\",\"userId\":1,\"name\":\"Revenus financier\",\"type\":\"FINANCIAL\",\"imagePath\":\"1-Billy/categories/financial.png\",\"creationDate\":\"2024-07-01T12:29:31.000Z\",\"modificationDate\":\"2024-07-01T12:29:31.000Z\"},\"subCategory\":{\"id\":33,\"userId\":1,\"categoryId\":12,\"name\":\"Revenues financiers\",\"type\":\"INCOME\",\"imagePath\":\"1-Billy/subcategories/financial.png\",\"creationDate\":\"2024-07-01T12:29:31.000Z\",\"modificationDate\":\"2024-07-01T12:29:31.000Z\",\"category\":{\"id\":12,\"genre\":\"INCOME\",\"userId\":1,\"name\":\"Revenus financier\",\"type\":\"FINANCIAL\",\"imagePath\":\"1-Billy/categories/financial.png\",\"creationDate\":\"2024-07-01T12:29:31.000Z\",\"modificationDate\":\"2024-07-01T12:29:31.000Z\"}},\"amount\":0.01}]',NULL,'Daily interest','2024-07-14 21:00:00','INTEREST','2024-07-14 21:00:00','2024-07-14 21:00:00',NULL,1),(30,1,2,'[{\"category\":{\"id\":1,\"genre\":\"OUTCOME\",\"userId\":1,\"name\":\"Alimentations\",\"type\":\"FOOD\",\"imagePath\":\"1-Billy/categories/food.png\",\"creationDate\":\"2024-07-01T12:29:31.000Z\",\"modificationDate\":\"2024-07-01T12:29:31.000Z\"},\"subCategory\":{\"id\":1,\"userId\":1,\"categoryId\":1,\"name\":\"Alimentation\",\"type\":\"FOOD\",\"imagePath\":\"1-Billy/subcategories/food.png\",\"creationDate\":\"2024-07-01T12:29:31.000Z\",\"modificationDate\":\"2024-07-01T12:29:31.000Z\"},\"amount\":\"9.40\"}]','','','2024-07-15 10:49:48','EXPENSE','2024-07-15 10:50:01','2024-07-15 10:50:01',NULL,NULL),(31,1,11,'[{\"category\":{\"id\":12,\"genre\":\"INCOME\",\"userId\":1,\"name\":\"Revenus financier\",\"type\":\"FINANCIAL\",\"imagePath\":\"1-Billy/categories/financial.png\",\"creationDate\":\"2024-07-01T12:29:31.000Z\",\"modificationDate\":\"2024-07-01T12:29:31.000Z\"},\"subCategory\":{\"id\":33,\"userId\":1,\"categoryId\":12,\"name\":\"Revenues financiers\",\"type\":\"INCOME\",\"imagePath\":\"1-Billy/subcategories/financial.png\",\"creationDate\":\"2024-07-01T12:29:31.000Z\",\"modificationDate\":\"2024-07-01T12:29:31.000Z\",\"category\":{\"id\":12,\"genre\":\"INCOME\",\"userId\":1,\"name\":\"Revenus financier\",\"type\":\"FINANCIAL\",\"imagePath\":\"1-Billy/categories/financial.png\",\"creationDate\":\"2024-07-01T12:29:31.000Z\",\"modificationDate\":\"2024-07-01T12:29:31.000Z\"}},\"amount\":0.01}]',NULL,'Daily interest','2024-07-15 21:00:00','INTEREST','2024-07-15 21:00:00','2024-07-15 21:00:00',NULL,1),(32,1,2,'[{\"category\":{\"id\":1,\"genre\":\"OUTCOME\",\"userId\":1,\"name\":\"Alimentations\",\"type\":\"FOOD\",\"imagePath\":\"1-Billy/categories/food.png\",\"creationDate\":\"2024-07-01T12:29:31.000Z\",\"modificationDate\":\"2024-07-01T12:29:31.000Z\"},\"subCategory\":{\"id\":1,\"userId\":1,\"categoryId\":1,\"name\":\"Alimentation\",\"type\":\"FOOD\",\"imagePath\":\"1-Billy/subcategories/food.png\",\"creationDate\":\"2024-07-01T12:29:31.000Z\",\"modificationDate\":\"2024-07-01T12:29:31.000Z\"},\"amount\":\"7.02\"}]','','','2024-07-16 10:57:34','EXPENSE','2024-07-16 10:57:43','2024-07-16 10:57:43',NULL,NULL),(33,1,2,'[{\"category\":{\"id\":4,\"genre\":\"OUTCOME\",\"userId\":1,\"name\":\"Divertissement\",\"type\":\"ENTERTAINMENT\",\"imagePath\":\"1-Billy/categories/entertainment.png\",\"creationDate\":\"2024-07-01T12:29:31.000Z\",\"modificationDate\":\"2024-07-01T12:29:31.000Z\"},\"subCategory\":{\"id\":54,\"userId\":1,\"categoryId\":4,\"name\":\"Azur Lane\",\"type\":\"azur-lane\",\"imagePath\":\"1-Billy/subcategories/azur-lane.png\",\"creationDate\":\"2024-07-16T13:29:41.000Z\",\"modificationDate\":\"2024-07-16T13:29:41.000Z\"},\"amount\":\"9.17\"}]','','','2024-07-16 18:07:09','EXPENSE','2024-07-16 18:07:33','2024-07-16 18:07:33',NULL,NULL),(34,1,2,'[{\"category\":{\"id\":4,\"genre\":\"OUTCOME\",\"userId\":1,\"name\":\"Divertissement\",\"type\":\"ENTERTAINMENT\",\"imagePath\":\"1-Billy/categories/entertainment.png\",\"creationDate\":\"2024-07-01T12:29:31.000Z\",\"modificationDate\":\"2024-07-01T12:29:31.000Z\"},\"subCategory\":{\"id\":39,\"userId\":1,\"categoryId\":4,\"name\":\"Nikke\",\"type\":\"nikke\",\"imagePath\":\"1-Billy/subcategories/nikke.jpg\",\"creationDate\":\"2024-07-01T13:24:37.000Z\",\"modificationDate\":\"2024-07-01T13:24:37.000Z\"},\"amount\":\"18.35\"}]','','','2024-07-16 18:13:23','EXPENSE','2024-07-16 18:13:51','2024-07-16 18:13:51',NULL,NULL),(35,1,2,'[{\"category\":{\"id\":4,\"genre\":\"OUTCOME\",\"userId\":1,\"name\":\"Divertissement\",\"type\":\"ENTERTAINMENT\",\"imagePath\":\"1-Billy/categories/entertainment.png\",\"creationDate\":\"2024-07-01T12:29:31.000Z\",\"modificationDate\":\"2024-07-01T12:29:31.000Z\"},\"subCategory\":{\"id\":39,\"userId\":1,\"categoryId\":4,\"name\":\"Nikke\",\"type\":\"nikke\",\"imagePath\":\"1-Billy/subcategories/nikke.jpg\",\"creationDate\":\"2024-07-01T13:24:37.000Z\",\"modificationDate\":\"2024-07-01T13:24:37.000Z\"},\"amount\":\"18.35\"}]','','','2024-07-16 18:13:41','EXPENSE','2024-07-16 18:14:03','2024-07-16 18:14:03',NULL,NULL),(36,1,11,'[{\"category\":{\"id\":12,\"genre\":\"INCOME\",\"userId\":1,\"name\":\"Revenus financier\",\"type\":\"FINANCIAL\",\"imagePath\":\"1-Billy/categories/financial.png\",\"creationDate\":\"2024-07-01T12:29:31.000Z\",\"modificationDate\":\"2024-07-01T12:29:31.000Z\"},\"subCategory\":{\"id\":33,\"userId\":1,\"categoryId\":12,\"name\":\"Revenues financiers\",\"type\":\"INCOME\",\"imagePath\":\"1-Billy/subcategories/financial.png\",\"creationDate\":\"2024-07-01T12:29:31.000Z\",\"modificationDate\":\"2024-07-01T12:29:31.000Z\",\"category\":{\"id\":12,\"genre\":\"INCOME\",\"userId\":1,\"name\":\"Revenus financier\",\"type\":\"FINANCIAL\",\"imagePath\":\"1-Billy/categories/financial.png\",\"creationDate\":\"2024-07-01T12:29:31.000Z\",\"modificationDate\":\"2024-07-01T12:29:31.000Z\"}},\"amount\":0.01}]',NULL,'Daily interest','2024-07-16 21:00:00','INTEREST','2024-07-16 21:00:00','2024-07-16 21:00:00',NULL,1),(37,1,2,'[{\"category\":{\"id\":1,\"genre\":\"OUTCOME\",\"userId\":1,\"name\":\"Alimentations\",\"type\":\"FOOD\",\"imagePath\":\"1-Billy/categories/food.png\",\"creationDate\":\"2024-07-01T12:29:31.000Z\",\"modificationDate\":\"2024-07-01T12:29:31.000Z\"},\"subCategory\":{\"id\":1,\"userId\":1,\"categoryId\":1,\"name\":\"Alimentation\",\"type\":\"FOOD\",\"imagePath\":\"1-Billy/subcategories/food.png\",\"creationDate\":\"2024-07-01T12:29:31.000Z\",\"modificationDate\":\"2024-07-01T12:29:31.000Z\"},\"amount\":\"7.99\"}]','','','2024-07-17 11:28:34','EXPENSE','2024-07-17 11:28:42','2024-07-17 11:28:42',NULL,NULL),(38,1,11,'[{\"category\":{\"id\":12,\"genre\":\"INCOME\",\"userId\":1,\"name\":\"Revenus financier\",\"type\":\"FINANCIAL\",\"imagePath\":\"1-Billy/categories/financial.png\",\"creationDate\":\"2024-07-01T12:29:31.000Z\",\"modificationDate\":\"2024-07-01T12:29:31.000Z\"},\"subCategory\":{\"id\":33,\"userId\":1,\"categoryId\":12,\"name\":\"Revenues financiers\",\"type\":\"INCOME\",\"imagePath\":\"1-Billy/subcategories/financial.png\",\"creationDate\":\"2024-07-01T12:29:31.000Z\",\"modificationDate\":\"2024-07-01T12:29:31.000Z\",\"category\":{\"id\":12,\"genre\":\"INCOME\",\"userId\":1,\"name\":\"Revenus financier\",\"type\":\"FINANCIAL\",\"imagePath\":\"1-Billy/categories/financial.png\",\"creationDate\":\"2024-07-01T12:29:31.000Z\",\"modificationDate\":\"2024-07-01T12:29:31.000Z\"}},\"amount\":0.01}]',NULL,'Daily interest','2024-07-17 21:00:00','INTEREST','2024-07-17 21:00:00','2024-07-17 21:00:00',NULL,1),(39,1,2,'[{\"category\":{\"id\":4,\"genre\":\"OUTCOME\",\"userId\":1,\"name\":\"Divertissement\",\"type\":\"ENTERTAINMENT\",\"imagePath\":\"1-Billy/categories/entertainment.png\",\"creationDate\":\"2024-07-01T12:29:31.000Z\",\"modificationDate\":\"2024-07-01T12:29:31.000Z\"},\"subCategory\":{\"id\":39,\"userId\":1,\"categoryId\":4,\"name\":\"Nikke\",\"type\":\"nikke\",\"imagePath\":\"1-Billy/subcategories/nikke.jpg\",\"creationDate\":\"2024-07-01T13:24:37.000Z\",\"modificationDate\":\"2024-07-01T13:24:37.000Z\"},\"amount\":\"9.15\"}]','','','2024-07-18 07:00:59','EXPENSE','2024-07-18 07:01:17','2024-07-18 07:01:17',NULL,NULL),(40,1,2,'[{\"category\":{\"id\":1,\"genre\":\"OUTCOME\",\"userId\":1,\"name\":\"Alimentations\",\"type\":\"FOOD\",\"imagePath\":\"1-Billy/categories/food.png\",\"creationDate\":\"2024-07-01T12:29:31.000Z\",\"modificationDate\":\"2024-07-01T12:29:31.000Z\"},\"subCategory\":{\"id\":1,\"userId\":1,\"categoryId\":1,\"name\":\"Alimentation\",\"type\":\"FOOD\",\"imagePath\":\"1-Billy/subcategories/food.png\",\"creationDate\":\"2024-07-01T12:29:31.000Z\",\"modificationDate\":\"2024-07-01T12:29:31.000Z\"},\"amount\":\"8.70\"}]','','','2024-07-18 10:46:10','EXPENSE','2024-07-18 10:46:51','2024-07-18 10:46:51',NULL,NULL),(41,1,2,'[{\"category\":{\"id\":4,\"genre\":\"OUTCOME\",\"userId\":1,\"name\":\"Divertissement\",\"type\":\"ENTERTAINMENT\",\"imagePath\":\"1-Billy/categories/entertainment.png\",\"creationDate\":\"2024-07-01T12:29:31.000Z\",\"modificationDate\":\"2024-07-01T12:29:31.000Z\"},\"subCategory\":{\"id\":52,\"userId\":1,\"categoryId\":4,\"name\":\"Luvr.ai\",\"type\":\"luvr-ai\",\"imagePath\":\"1-Billy/subcategories/luvr-ai.png\",\"creationDate\":\"2024-07-01T13:39:48.000Z\",\"modificationDate\":\"2024-07-01T13:39:48.000Z\"},\"amount\":\"9.16\"}]','','','2024-07-18 19:48:26','EXPENSE','2024-07-18 19:48:57','2024-07-18 19:48:57',NULL,NULL),(42,1,11,'[{\"category\":{\"id\":12,\"genre\":\"INCOME\",\"userId\":1,\"name\":\"Revenus financier\",\"type\":\"FINANCIAL\",\"imagePath\":\"1-Billy/categories/financial.png\",\"creationDate\":\"2024-07-01T12:29:31.000Z\",\"modificationDate\":\"2024-07-01T12:29:31.000Z\"},\"subCategory\":{\"id\":33,\"userId\":1,\"categoryId\":12,\"name\":\"Revenues financiers\",\"type\":\"INCOME\",\"imagePath\":\"1-Billy/subcategories/financial.png\",\"creationDate\":\"2024-07-01T12:29:31.000Z\",\"modificationDate\":\"2024-07-01T12:29:31.000Z\",\"category\":{\"id\":12,\"genre\":\"INCOME\",\"userId\":1,\"name\":\"Revenus financier\",\"type\":\"FINANCIAL\",\"imagePath\":\"1-Billy/categories/financial.png\",\"creationDate\":\"2024-07-01T12:29:31.000Z\",\"modificationDate\":\"2024-07-01T12:29:31.000Z\"}},\"amount\":0.01}]',NULL,'Daily interest','2024-07-18 21:00:00','INTEREST','2024-07-18 21:00:00','2024-07-18 21:00:00',NULL,1),(43,1,2,'[{\"category\":{\"id\":1,\"genre\":\"OUTCOME\",\"userId\":1,\"name\":\"Alimentations\",\"type\":\"FOOD\",\"imagePath\":\"1-Billy/categories/food.png\",\"creationDate\":\"2024-07-01T12:29:31.000Z\",\"modificationDate\":\"2024-07-01T12:29:31.000Z\"},\"subCategory\":{\"id\":1,\"userId\":1,\"categoryId\":1,\"name\":\"Alimentation\",\"type\":\"FOOD\",\"imagePath\":\"1-Billy/subcategories/food.png\",\"creationDate\":\"2024-07-01T12:29:31.000Z\",\"modificationDate\":\"2024-07-01T12:29:31.000Z\"},\"amount\":\"8.30\"}]','','','2024-07-19 10:37:00','EXPENSE','2024-07-19 10:37:14','2024-07-19 10:37:14',NULL,NULL),(44,1,11,'[{\"category\":{\"id\":12,\"genre\":\"INCOME\",\"userId\":1,\"name\":\"Revenus financier\",\"type\":\"FINANCIAL\",\"imagePath\":\"1-Billy/categories/financial.png\",\"creationDate\":\"2024-07-01T12:29:31.000Z\",\"modificationDate\":\"2024-07-01T12:29:31.000Z\"},\"subCategory\":{\"id\":33,\"userId\":1,\"categoryId\":12,\"name\":\"Revenues financiers\",\"type\":\"INCOME\",\"imagePath\":\"1-Billy/subcategories/financial.png\",\"creationDate\":\"2024-07-01T12:29:31.000Z\",\"modificationDate\":\"2024-07-01T12:29:31.000Z\",\"category\":{\"id\":12,\"genre\":\"INCOME\",\"userId\":1,\"name\":\"Revenus financier\",\"type\":\"FINANCIAL\",\"imagePath\":\"1-Billy/categories/financial.png\",\"creationDate\":\"2024-07-01T12:29:31.000Z\",\"modificationDate\":\"2024-07-01T12:29:31.000Z\"}},\"amount\":0.01}]',NULL,'Daily interest','2024-07-19 21:00:00','INTEREST','2024-07-19 21:00:00','2024-07-19 21:00:00',NULL,1),(45,1,11,'[{\"category\":{\"id\":12,\"genre\":\"INCOME\",\"userId\":1,\"name\":\"Revenus financier\",\"type\":\"FINANCIAL\",\"imagePath\":\"1-Billy/categories/financial.png\",\"creationDate\":\"2024-07-01T12:29:31.000Z\",\"modificationDate\":\"2024-07-01T12:29:31.000Z\"},\"subCategory\":{\"id\":33,\"userId\":1,\"categoryId\":12,\"name\":\"Revenues financiers\",\"type\":\"INCOME\",\"imagePath\":\"1-Billy/subcategories/financial.png\",\"creationDate\":\"2024-07-01T12:29:31.000Z\",\"modificationDate\":\"2024-07-01T12:29:31.000Z\",\"category\":{\"id\":12,\"genre\":\"INCOME\",\"userId\":1,\"name\":\"Revenus financier\",\"type\":\"FINANCIAL\",\"imagePath\":\"1-Billy/categories/financial.png\",\"creationDate\":\"2024-07-01T12:29:31.000Z\",\"modificationDate\":\"2024-07-01T12:29:31.000Z\"}},\"amount\":0.01}]',NULL,'Daily interest','2024-07-20 21:00:00','INTEREST','2024-07-20 21:00:00','2024-07-20 21:00:00',NULL,1),(46,1,2,'[{\"category\":{\"id\":10,\"genre\":\"OUTCOME\",\"userId\":1,\"name\":\"Autre (Dépenses)\",\"type\":\"OTHER\",\"imagePath\":\"1-Billy/categories/other.png\",\"creationDate\":\"2024-07-01T12:29:31.000Z\",\"modificationDate\":\"2024-07-01T12:29:31.000Z\"},\"subCategory\":{\"id\":49,\"userId\":1,\"categoryId\":10,\"name\":\"Carte débit\",\"type\":\"carte-debit\",\"imagePath\":\"1-Billy/subcategories/carte-debit.png\",\"creationDate\":\"2024-07-01T13:37:26.000Z\",\"modificationDate\":\"2024-07-01T13:37:26.000Z\"},\"amount\":\"2\"}]','','','2024-07-21 08:00:00','EXPENSE','2024-07-21 08:00:00','2024-07-21 08:00:00',NULL,1),(47,1,11,'[{\"category\":{\"id\":12,\"genre\":\"INCOME\",\"userId\":1,\"name\":\"Revenus financier\",\"type\":\"FINANCIAL\",\"imagePath\":\"1-Billy/categories/financial.png\",\"creationDate\":\"2024-07-01T12:29:31.000Z\",\"modificationDate\":\"2024-07-01T12:29:31.000Z\"},\"subCategory\":{\"id\":33,\"userId\":1,\"categoryId\":12,\"name\":\"Revenues financiers\",\"type\":\"INCOME\",\"imagePath\":\"1-Billy/subcategories/financial.png\",\"creationDate\":\"2024-07-01T12:29:31.000Z\",\"modificationDate\":\"2024-07-01T12:29:31.000Z\",\"category\":{\"id\":12,\"genre\":\"INCOME\",\"userId\":1,\"name\":\"Revenus financier\",\"type\":\"FINANCIAL\",\"imagePath\":\"1-Billy/categories/financial.png\",\"creationDate\":\"2024-07-01T12:29:31.000Z\",\"modificationDate\":\"2024-07-01T12:29:31.000Z\"}},\"amount\":0.01}]',NULL,'Daily interest','2024-07-21 21:00:00','INTEREST','2024-07-21 21:00:00','2024-07-21 21:00:00',NULL,1),(48,1,2,'[{\"category\":{\"id\":10,\"genre\":\"OUTCOME\",\"userId\":1,\"name\":\"Autre (Dépenses)\",\"type\":\"OTHER\",\"imagePath\":\"1-Billy/categories/other.png\",\"creationDate\":\"2024-07-01T12:29:31.000Z\",\"modificationDate\":\"2024-07-01T12:29:31.000Z\"},\"subCategory\":{\"id\":46,\"userId\":1,\"categoryId\":10,\"name\":\"Banque\",\"type\":\"banque\",\"imagePath\":\"1-Billy/subcategories/banque.png\",\"creationDate\":\"2024-07-01T13:32:11.000Z\",\"modificationDate\":\"2024-07-01T13:32:11.000Z\"},\"amount\":\"5.45\"}]','','Responsabilité civile','2024-07-22 08:00:00','EXPENSE','2024-07-22 08:00:00','2024-07-22 08:00:00',NULL,1),(49,1,2,'[{\"category\":{\"id\":1,\"genre\":\"OUTCOME\",\"userId\":1,\"name\":\"Alimentations\",\"type\":\"FOOD\",\"imagePath\":\"1-Billy/categories/food.png\",\"creationDate\":\"2024-07-01T12:29:31.000Z\",\"modificationDate\":\"2024-07-01T12:29:31.000Z\"},\"subCategory\":{\"id\":1,\"userId\":1,\"categoryId\":1,\"name\":\"Alimentation\",\"type\":\"FOOD\",\"imagePath\":\"1-Billy/subcategories/food.png\",\"creationDate\":\"2024-07-01T12:29:31.000Z\",\"modificationDate\":\"2024-07-01T12:29:31.000Z\"},\"amount\":\"8.70\"}]','','','2024-07-22 10:48:25','EXPENSE','2024-07-22 10:48:51','2024-07-22 10:48:51',NULL,NULL),(50,1,11,'[{\"category\":{\"id\":12,\"genre\":\"INCOME\",\"userId\":1,\"name\":\"Revenus financier\",\"type\":\"FINANCIAL\",\"imagePath\":\"1-Billy/categories/financial.png\",\"creationDate\":\"2024-07-01T12:29:31.000Z\",\"modificationDate\":\"2024-07-01T12:29:31.000Z\"},\"subCategory\":{\"id\":33,\"userId\":1,\"categoryId\":12,\"name\":\"Revenues financiers\",\"type\":\"INCOME\",\"imagePath\":\"1-Billy/subcategories/financial.png\",\"creationDate\":\"2024-07-01T12:29:31.000Z\",\"modificationDate\":\"2024-07-01T12:29:31.000Z\",\"category\":{\"id\":12,\"genre\":\"INCOME\",\"userId\":1,\"name\":\"Revenus financier\",\"type\":\"FINANCIAL\",\"imagePath\":\"1-Billy/categories/financial.png\",\"creationDate\":\"2024-07-01T12:29:31.000Z\",\"modificationDate\":\"2024-07-01T12:29:31.000Z\"}},\"amount\":0.01}]',NULL,'Daily interest','2024-07-22 21:00:00','INTEREST','2024-07-22 21:00:00','2024-07-22 21:00:00',NULL,1),(51,1,2,'[{\"category\":{\"id\":1,\"genre\":\"OUTCOME\",\"userId\":1,\"name\":\"Alimentations\",\"type\":\"FOOD\",\"imagePath\":\"1-Billy/categories/food.png\",\"creationDate\":\"2024-07-01T12:29:31.000Z\",\"modificationDate\":\"2024-07-01T12:29:31.000Z\"},\"subCategory\":{\"id\":1,\"userId\":1,\"categoryId\":1,\"name\":\"Alimentation\",\"type\":\"FOOD\",\"imagePath\":\"1-Billy/subcategories/food.png\",\"creationDate\":\"2024-07-01T12:29:31.000Z\",\"modificationDate\":\"2024-07-01T12:29:31.000Z\"},\"amount\":\"8.30\"}]','','','2024-07-23 10:45:00','EXPENSE','2024-07-23 14:04:28','2024-07-23 14:04:28',NULL,NULL),(52,1,11,'[{\"category\":{\"id\":12,\"genre\":\"INCOME\",\"userId\":1,\"name\":\"Revenus financier\",\"type\":\"FINANCIAL\",\"imagePath\":\"1-Billy/categories/financial.png\",\"creationDate\":\"2024-07-01T12:29:31.000Z\",\"modificationDate\":\"2024-07-01T12:29:31.000Z\"},\"subCategory\":{\"id\":33,\"userId\":1,\"categoryId\":12,\"name\":\"Revenues financiers\",\"type\":\"INCOME\",\"imagePath\":\"1-Billy/subcategories/financial.png\",\"creationDate\":\"2024-07-01T12:29:31.000Z\",\"modificationDate\":\"2024-07-01T12:29:31.000Z\",\"category\":{\"id\":12,\"genre\":\"INCOME\",\"userId\":1,\"name\":\"Revenus financier\",\"type\":\"FINANCIAL\",\"imagePath\":\"1-Billy/categories/financial.png\",\"creationDate\":\"2024-07-01T12:29:31.000Z\",\"modificationDate\":\"2024-07-01T12:29:31.000Z\"}},\"amount\":0.01}]',NULL,'Daily interest','2024-07-23 21:00:00','INTEREST','2024-07-23 21:00:00','2024-07-23 21:00:00',NULL,1),(53,1,2,'[{\"category\":{\"id\":4,\"genre\":\"OUTCOME\",\"userId\":1,\"name\":\"Divertissement\",\"type\":\"ENTERTAINMENT\",\"imagePath\":\"1-Billy/categories/entertainment.png\",\"creationDate\":\"2024-07-01T12:29:31.000Z\",\"modificationDate\":\"2024-07-01T12:29:31.000Z\"},\"subCategory\":{\"id\":52,\"userId\":1,\"categoryId\":4,\"name\":\"Luvr.ai\",\"type\":\"luvr-ai\",\"imagePath\":\"1-Billy/subcategories/luvr-ai.png\",\"creationDate\":\"2024-07-01T13:39:48.000Z\",\"modificationDate\":\"2024-07-01T13:39:48.000Z\"},\"amount\":\"6.55\"}]','','','2024-07-24 08:00:00','EXPENSE','2024-07-24 08:00:00','2024-07-24 08:00:00',NULL,1),(54,1,2,'[{\"category\":{\"id\":4,\"genre\":\"OUTCOME\",\"userId\":1,\"name\":\"Divertissement\",\"type\":\"ENTERTAINMENT\",\"imagePath\":\"1-Billy/categories/entertainment.png\",\"creationDate\":\"2024-07-01T12:29:31.000Z\",\"modificationDate\":\"2024-07-01T12:29:31.000Z\"},\"subCategory\":{\"id\":44,\"userId\":1,\"categoryId\":4,\"name\":\"Discord\",\"type\":\"discord\",\"imagePath\":\"1-Billy/subcategories/discord.png\",\"creationDate\":\"2024-07-01T13:29:19.000Z\",\"modificationDate\":\"2024-07-01T13:29:19.000Z\"},\"amount\":\"9.99\"}]','','Rod48','2024-07-24 08:00:00','EXPENSE','2024-07-24 08:00:00','2024-07-24 08:00:00',NULL,1),(55,1,2,'[{\"category\":{\"id\":1,\"genre\":\"OUTCOME\",\"userId\":1,\"name\":\"Alimentations\",\"type\":\"FOOD\",\"imagePath\":\"1-Billy/categories/food.png\",\"creationDate\":\"2024-07-01T12:29:31.000Z\",\"modificationDate\":\"2024-07-01T12:29:31.000Z\"},\"subCategory\":{\"id\":1,\"userId\":1,\"categoryId\":1,\"name\":\"Alimentation\",\"type\":\"FOOD\",\"imagePath\":\"1-Billy/subcategories/food.png\",\"creationDate\":\"2024-07-01T12:29:31.000Z\",\"modificationDate\":\"2024-07-01T12:29:31.000Z\"},\"amount\":\"8.30\"}]','','','2024-07-24 10:46:56','EXPENSE','2024-07-24 10:47:27','2024-07-24 10:47:27',NULL,NULL),(56,1,11,'[{\"category\":{\"id\":12,\"genre\":\"INCOME\",\"userId\":1,\"name\":\"Revenus financier\",\"type\":\"FINANCIAL\",\"imagePath\":\"1-Billy/categories/financial.png\",\"creationDate\":\"2024-07-01T12:29:31.000Z\",\"modificationDate\":\"2024-07-01T12:29:31.000Z\"},\"subCategory\":{\"id\":33,\"userId\":1,\"categoryId\":12,\"name\":\"Revenues financiers\",\"type\":\"INCOME\",\"imagePath\":\"1-Billy/subcategories/financial.png\",\"creationDate\":\"2024-07-01T12:29:31.000Z\",\"modificationDate\":\"2024-07-01T12:29:31.000Z\",\"category\":{\"id\":12,\"genre\":\"INCOME\",\"userId\":1,\"name\":\"Revenus financier\",\"type\":\"FINANCIAL\",\"imagePath\":\"1-Billy/categories/financial.png\",\"creationDate\":\"2024-07-01T12:29:31.000Z\",\"modificationDate\":\"2024-07-01T12:29:31.000Z\"}},\"amount\":0.01}]',NULL,'Daily interest','2024-07-24 21:00:00','INTEREST','2024-07-24 21:00:00','2024-07-24 21:00:00',NULL,1),(57,1,2,'[{\"category\":{\"id\":4,\"genre\":\"OUTCOME\",\"userId\":1,\"name\":\"Divertissement\",\"type\":\"ENTERTAINMENT\",\"imagePath\":\"1-Billy/categories/entertainment.png\",\"creationDate\":\"2024-07-01T12:29:31.000Z\",\"modificationDate\":\"2024-07-01T12:29:31.000Z\"},\"subCategory\":{\"id\":52,\"userId\":1,\"categoryId\":4,\"name\":\"Luvr.ai\",\"type\":\"luvr-ai\",\"imagePath\":\"1-Billy/subcategories/luvr-ai.png\",\"creationDate\":\"2024-07-01T13:39:48.000Z\",\"modificationDate\":\"2024-07-01T13:39:48.000Z\"},\"amount\":\"6.62\"}]','','Onlyfans Mikomi','2024-07-25 16:40:06','EXPENSE','2024-07-25 16:40:43','2024-07-26 10:50:30',NULL,NULL),(58,1,11,'[{\"category\":{\"id\":12,\"genre\":\"INCOME\",\"userId\":1,\"name\":\"Revenus financier\",\"type\":\"FINANCIAL\",\"imagePath\":\"1-Billy/categories/financial.png\",\"creationDate\":\"2024-07-01T12:29:31.000Z\",\"modificationDate\":\"2024-07-01T12:29:31.000Z\"},\"subCategory\":{\"id\":33,\"userId\":1,\"categoryId\":12,\"name\":\"Revenues financiers\",\"type\":\"INCOME\",\"imagePath\":\"1-Billy/subcategories/financial.png\",\"creationDate\":\"2024-07-01T12:29:31.000Z\",\"modificationDate\":\"2024-07-01T12:29:31.000Z\",\"category\":{\"id\":12,\"genre\":\"INCOME\",\"userId\":1,\"name\":\"Revenus financier\",\"type\":\"FINANCIAL\",\"imagePath\":\"1-Billy/categories/financial.png\",\"creationDate\":\"2024-07-01T12:29:31.000Z\",\"modificationDate\":\"2024-07-01T12:29:31.000Z\"}},\"amount\":0.01}]',NULL,'Daily interest','2024-07-25 21:00:00','INTEREST','2024-07-25 21:00:00','2024-07-25 21:00:00',NULL,1),(59,1,2,'[{\"category\":{\"id\":1,\"genre\":\"OUTCOME\",\"userId\":1,\"name\":\"Alimentations\",\"type\":\"FOOD\",\"imagePath\":\"1-Billy/categories/food.png\",\"creationDate\":\"2024-07-01T12:29:31.000Z\",\"modificationDate\":\"2024-07-01T12:29:31.000Z\"},\"subCategory\":{\"id\":1,\"userId\":1,\"categoryId\":1,\"name\":\"Alimentation\",\"type\":\"FOOD\",\"imagePath\":\"1-Billy/subcategories/food.png\",\"creationDate\":\"2024-07-01T12:29:31.000Z\",\"modificationDate\":\"2024-07-01T12:29:31.000Z\"},\"amount\":\"8.30\"}]','','','2024-07-26 10:49:35','EXPENSE','2024-07-26 10:50:04','2024-07-26 10:50:04',NULL,NULL),(60,1,11,'[{\"category\":{\"id\":12,\"genre\":\"INCOME\",\"userId\":1,\"name\":\"Revenus financier\",\"type\":\"FINANCIAL\",\"imagePath\":\"1-Billy/categories/financial.png\",\"creationDate\":\"2024-07-01T12:29:31.000Z\",\"modificationDate\":\"2024-07-01T12:29:31.000Z\"},\"subCategory\":{\"id\":33,\"userId\":1,\"categoryId\":12,\"name\":\"Revenues financiers\",\"type\":\"INCOME\",\"imagePath\":\"1-Billy/subcategories/financial.png\",\"creationDate\":\"2024-07-01T12:29:31.000Z\",\"modificationDate\":\"2024-07-01T12:29:31.000Z\",\"category\":{\"id\":12,\"genre\":\"INCOME\",\"userId\":1,\"name\":\"Revenus financier\",\"type\":\"FINANCIAL\",\"imagePath\":\"1-Billy/categories/financial.png\",\"creationDate\":\"2024-07-01T12:29:31.000Z\",\"modificationDate\":\"2024-07-01T12:29:31.000Z\"}},\"amount\":0.01}]',NULL,'Daily interest','2024-07-26 21:00:00','INTEREST','2024-07-26 21:00:00','2024-07-26 21:00:00',NULL,1),(61,1,2,'[{\"category\":{\"id\":4,\"genre\":\"OUTCOME\",\"userId\":1,\"name\":\"Divertissement\",\"type\":\"ENTERTAINMENT\",\"imagePath\":\"1-Billy/categories/entertainment.png\",\"creationDate\":\"2024-07-01T12:29:31.000Z\",\"modificationDate\":\"2024-07-01T12:29:31.000Z\"},\"subCategory\":{\"id\":52,\"userId\":1,\"categoryId\":4,\"name\":\"Luvr.ai\",\"type\":\"luvr-ai\",\"imagePath\":\"1-Billy/subcategories/luvr-ai.png\",\"creationDate\":\"2024-07-01T13:39:48.000Z\",\"modificationDate\":\"2024-07-01T13:39:48.000Z\"},\"amount\":\"27.60\"}]','','Onlyfans Mikomi','2024-07-26 22:25:27','EXPENSE','2024-07-26 22:25:53','2024-07-26 22:25:53',NULL,NULL),(62,1,11,'[{\"category\":{\"id\":12,\"genre\":\"INCOME\",\"userId\":1,\"name\":\"Revenus financier\",\"type\":\"FINANCIAL\",\"imagePath\":\"1-Billy/categories/financial.png\",\"creationDate\":\"2024-07-01T12:29:31.000Z\",\"modificationDate\":\"2024-07-01T12:29:31.000Z\"},\"subCategory\":{\"id\":33,\"userId\":1,\"categoryId\":12,\"name\":\"Revenues financiers\",\"type\":\"INCOME\",\"imagePath\":\"1-Billy/subcategories/financial.png\",\"creationDate\":\"2024-07-01T12:29:31.000Z\",\"modificationDate\":\"2024-07-01T12:29:31.000Z\",\"category\":{\"id\":12,\"genre\":\"INCOME\",\"userId\":1,\"name\":\"Revenus financier\",\"type\":\"FINANCIAL\",\"imagePath\":\"1-Billy/categories/financial.png\",\"creationDate\":\"2024-07-01T12:29:31.000Z\",\"modificationDate\":\"2024-07-01T12:29:31.000Z\"}},\"amount\":0.01}]',NULL,'Daily interest','2024-07-27 21:00:00','INTEREST','2024-07-27 21:00:00','2024-07-27 21:00:00',NULL,1),(63,1,2,'[{\"category\":{\"id\":5,\"genre\":\"OUTCOME\",\"userId\":1,\"name\":\"Maison\",\"type\":\"HOME\",\"imagePath\":\"1-Billy/categories/home.png\",\"creationDate\":\"2024-07-01T12:29:31.000Z\",\"modificationDate\":\"2024-07-01T12:29:31.000Z\"},\"subCategory\":{\"id\":21,\"userId\":1,\"categoryId\":5,\"name\":\"Facture téléphonique\",\"type\":\"PHONEBILL\",\"imagePath\":\"1-Billy/subcategories/phonebill.png\",\"creationDate\":\"2024-07-01T12:29:31.000Z\",\"modificationDate\":\"2024-07-01T12:29:31.000Z\"},\"amount\":\"31.99\"}]','','Tel portable','2024-07-28 08:00:00','EXPENSE','2024-07-28 08:00:00','2024-07-28 08:00:00',NULL,1),(64,1,2,'[{\"category\":{\"id\":4,\"genre\":\"OUTCOME\",\"userId\":1,\"name\":\"Divertissement\",\"type\":\"ENTERTAINMENT\",\"imagePath\":\"1-Billy/categories/entertainment.png\",\"creationDate\":\"2024-07-01T12:29:31.000Z\",\"modificationDate\":\"2024-07-01T12:29:31.000Z\"},\"subCategory\":{\"id\":39,\"userId\":1,\"categoryId\":4,\"name\":\"Nikke\",\"type\":\"nikke\",\"imagePath\":\"1-Billy/subcategories/nikke.jpg\",\"creationDate\":\"2024-07-01T13:24:37.000Z\",\"modificationDate\":\"2024-07-01T13:24:37.000Z\"},\"amount\":\"9.19\"}]','','','2024-07-28 12:50:14','EXPENSE','2024-07-28 12:50:46','2024-07-28 12:50:46',NULL,NULL),(65,1,11,'[{\"category\":{\"id\":12,\"genre\":\"INCOME\",\"userId\":1,\"name\":\"Revenus financier\",\"type\":\"FINANCIAL\",\"imagePath\":\"1-Billy/categories/financial.png\",\"creationDate\":\"2024-07-01T12:29:31.000Z\",\"modificationDate\":\"2024-07-01T12:29:31.000Z\"},\"subCategory\":{\"id\":33,\"userId\":1,\"categoryId\":12,\"name\":\"Revenues financiers\",\"type\":\"INCOME\",\"imagePath\":\"1-Billy/subcategories/financial.png\",\"creationDate\":\"2024-07-01T12:29:31.000Z\",\"modificationDate\":\"2024-07-01T12:29:31.000Z\",\"category\":{\"id\":12,\"genre\":\"INCOME\",\"userId\":1,\"name\":\"Revenus financier\",\"type\":\"FINANCIAL\",\"imagePath\":\"1-Billy/categories/financial.png\",\"creationDate\":\"2024-07-01T12:29:31.000Z\",\"modificationDate\":\"2024-07-01T12:29:31.000Z\"}},\"amount\":0.01}]',NULL,'Daily interest','2024-07-28 21:00:00','INTEREST','2024-07-28 21:00:00','2024-07-28 21:00:00',NULL,1),(66,1,2,'[{\"category\":{\"id\":1,\"genre\":\"OUTCOME\",\"userId\":1,\"name\":\"Alimentations\",\"type\":\"FOOD\",\"imagePath\":\"1-Billy/categories/food.png\",\"creationDate\":\"2024-07-01T12:29:31.000Z\",\"modificationDate\":\"2024-07-01T12:29:31.000Z\"},\"subCategory\":{\"id\":1,\"userId\":1,\"categoryId\":1,\"name\":\"Alimentation\",\"type\":\"FOOD\",\"imagePath\":\"1-Billy/subcategories/food.png\",\"creationDate\":\"2024-07-01T12:29:31.000Z\",\"modificationDate\":\"2024-07-01T12:29:31.000Z\"},\"amount\":\"8.30\"}]','','','2024-07-29 10:46:47','EXPENSE','2024-07-29 10:47:03','2024-07-29 10:47:03',NULL,NULL),(67,1,11,'[{\"category\":{\"id\":12,\"genre\":\"INCOME\",\"userId\":1,\"name\":\"Revenus financier\",\"type\":\"FINANCIAL\",\"imagePath\":\"1-Billy/categories/financial.png\",\"creationDate\":\"2024-07-01T12:29:31.000Z\",\"modificationDate\":\"2024-07-01T12:29:31.000Z\"},\"subCategory\":{\"id\":33,\"userId\":1,\"categoryId\":12,\"name\":\"Revenues financiers\",\"type\":\"INCOME\",\"imagePath\":\"1-Billy/subcategories/financial.png\",\"creationDate\":\"2024-07-01T12:29:31.000Z\",\"modificationDate\":\"2024-07-01T12:29:31.000Z\",\"category\":{\"id\":12,\"genre\":\"INCOME\",\"userId\":1,\"name\":\"Revenus financier\",\"type\":\"FINANCIAL\",\"imagePath\":\"1-Billy/categories/financial.png\",\"creationDate\":\"2024-07-01T12:29:31.000Z\",\"modificationDate\":\"2024-07-01T12:29:31.000Z\"}},\"amount\":0.01}]',NULL,'Daily interest','2024-07-29 21:00:00','INTEREST','2024-07-29 21:00:00','2024-07-29 21:00:00',NULL,NULL),(68,1,11,'[{\"category\":{\"id\":12,\"genre\":\"INCOME\",\"userId\":1,\"name\":\"Revenus financier\",\"type\":\"FINANCIAL\",\"imagePath\":\"1-Billy/categories/financial.png\",\"creationDate\":\"2024-07-01T12:29:31.000Z\",\"modificationDate\":\"2024-07-01T12:29:31.000Z\"},\"subCategory\":{\"id\":33,\"userId\":1,\"categoryId\":12,\"name\":\"Revenues financiers\",\"type\":\"INCOME\",\"imagePath\":\"1-Billy/subcategories/financial.png\",\"creationDate\":\"2024-07-01T12:29:31.000Z\",\"modificationDate\":\"2024-07-01T12:29:31.000Z\",\"category\":{\"id\":12,\"genre\":\"INCOME\",\"userId\":1,\"name\":\"Revenus financier\",\"type\":\"FINANCIAL\",\"imagePath\":\"1-Billy/categories/financial.png\",\"creationDate\":\"2024-07-01T12:29:31.000Z\",\"modificationDate\":\"2024-07-01T12:29:31.000Z\"}},\"amount\":0.01}]',NULL,'Daily interest','2024-07-30 21:00:00','INTEREST','2024-07-30 21:00:00','2024-07-30 21:00:00',NULL,NULL),(69,1,2,'[{\"category\":{\"id\":1,\"genre\":\"OUTCOME\",\"userId\":1,\"name\":\"Alimentations\",\"type\":\"FOOD\",\"imagePath\":\"1-Billy/categories/food.png\",\"creationDate\":\"2024-07-01T12:29:31.000Z\",\"modificationDate\":\"2024-07-01T12:29:31.000Z\"},\"subCategory\":{\"id\":3,\"userId\":1,\"categoryId\":1,\"name\":\"Restaurant\",\"type\":\"RESTAURANT\",\"imagePath\":\"1-Billy/subcategories/restaurant.png\",\"creationDate\":\"2024-07-01T12:29:31.000Z\",\"modificationDate\":\"2024-07-01T12:29:31.000Z\"},\"amount\":\"15\"}]','','Italien','2024-07-31 10:39:08','EXPENSE','2024-07-31 10:39:24','2024-07-31 10:39:24',NULL,NULL),(70,1,11,'[{\"category\":{\"id\":12,\"genre\":\"INCOME\",\"userId\":1,\"name\":\"Revenus financier\",\"type\":\"FINANCIAL\",\"imagePath\":\"1-Billy/categories/financial.png\",\"creationDate\":\"2024-07-01T12:29:31.000Z\",\"modificationDate\":\"2024-07-01T12:29:31.000Z\"},\"subCategory\":{\"id\":33,\"userId\":1,\"categoryId\":12,\"name\":\"Revenues financiers\",\"type\":\"INCOME\",\"imagePath\":\"1-Billy/subcategories/financial.png\",\"creationDate\":\"2024-07-01T12:29:31.000Z\",\"modificationDate\":\"2024-07-01T12:29:31.000Z\",\"category\":{\"id\":12,\"genre\":\"INCOME\",\"userId\":1,\"name\":\"Revenus financier\",\"type\":\"FINANCIAL\",\"imagePath\":\"1-Billy/categories/financial.png\",\"creationDate\":\"2024-07-01T12:29:31.000Z\",\"modificationDate\":\"2024-07-01T12:29:31.000Z\"}},\"amount\":0.01}]',NULL,'Daily interest','2024-07-31 21:00:00','INTEREST','2024-07-31 21:00:00','2024-07-31 21:00:00',NULL,NULL),(71,1,2,'[{\"category\":{\"id\":13,\"genre\":\"INCOME\",\"userId\":1,\"name\":\"Revenus\",\"type\":\"INCOME\",\"imagePath\":\"1-Billy/categories/income.png\",\"creationDate\":\"2024-07-01T12:29:31.000Z\",\"modificationDate\":\"2024-07-01T12:29:31.000Z\"},\"subCategory\":{\"id\":34,\"userId\":1,\"categoryId\":13,\"name\":\"Salaire\",\"type\":\"SALARY\",\"imagePath\":\"1-Billy/subcategories/salary.png\",\"creationDate\":\"2024-07-01T12:29:31.000Z\",\"modificationDate\":\"2024-07-01T12:29:31.000Z\"},\"amount\":\"1842.68\"}]','','','2024-08-01 08:00:00','INCOME','2024-08-01 08:00:00','2024-08-01 08:00:00',NULL,1),(72,1,11,'[{\"category\":{\"id\":12,\"genre\":\"INCOME\",\"userId\":1,\"name\":\"Revenus financier\",\"type\":\"FINANCIAL\",\"imagePath\":\"1-Billy/categories/financial.png\",\"creationDate\":\"2024-07-01T12:29:31.000Z\",\"modificationDate\":\"2024-07-01T12:29:31.000Z\"},\"subCategory\":{\"id\":33,\"userId\":1,\"categoryId\":12,\"name\":\"Revenues financiers\",\"type\":\"INCOME\",\"imagePath\":\"1-Billy/subcategories/financial.png\",\"creationDate\":\"2024-07-01T12:29:31.000Z\",\"modificationDate\":\"2024-07-01T12:29:31.000Z\",\"category\":{\"id\":12,\"genre\":\"INCOME\",\"userId\":1,\"name\":\"Revenus financier\",\"type\":\"FINANCIAL\",\"imagePath\":\"1-Billy/categories/financial.png\",\"creationDate\":\"2024-07-01T12:29:31.000Z\",\"modificationDate\":\"2024-07-01T12:29:31.000Z\"}},\"amount\":0.01}]',NULL,'Daily interest','2024-08-01 21:00:00','INTEREST','2024-08-01 21:00:00','2024-08-01 21:00:00',NULL,NULL),(73,1,2,'[{\"category\":{\"id\":4,\"genre\":\"OUTCOME\",\"userId\":1,\"name\":\"Divertissement\",\"type\":\"ENTERTAINMENT\",\"imagePath\":\"1-Billy/categories/entertainment.png\",\"creationDate\":\"2024-07-01T12:29:31.000Z\",\"modificationDate\":\"2024-07-01T12:29:31.000Z\"},\"subCategory\":{\"id\":53,\"userId\":1,\"categoryId\":4,\"name\":\"Spotify\",\"type\":\"spotify\",\"imagePath\":\"1-Billy/subcategories/spotify.webp\",\"creationDate\":\"2024-07-01T17:13:00.000Z\",\"modificationDate\":\"2024-07-01T17:13:43.000Z\"},\"amount\":\"11.12\"}]','','','2024-08-02 08:00:00','EXPENSE','2024-08-02 08:00:00','2024-08-02 08:00:00',NULL,1),(74,1,11,'[{\"category\":{\"id\":12,\"genre\":\"INCOME\",\"userId\":1,\"name\":\"Revenus financier\",\"type\":\"FINANCIAL\",\"imagePath\":\"1-Billy/categories/financial.png\",\"creationDate\":\"2024-07-01T12:29:31.000Z\",\"modificationDate\":\"2024-07-01T12:29:31.000Z\"},\"subCategory\":{\"id\":33,\"userId\":1,\"categoryId\":12,\"name\":\"Revenues financiers\",\"type\":\"INCOME\",\"imagePath\":\"1-Billy/subcategories/financial.png\",\"creationDate\":\"2024-07-01T12:29:31.000Z\",\"modificationDate\":\"2024-07-01T12:29:31.000Z\",\"category\":{\"id\":12,\"genre\":\"INCOME\",\"userId\":1,\"name\":\"Revenus financier\",\"type\":\"FINANCIAL\",\"imagePath\":\"1-Billy/categories/financial.png\",\"creationDate\":\"2024-07-01T12:29:31.000Z\",\"modificationDate\":\"2024-07-01T12:29:31.000Z\"}},\"amount\":0.01}]',NULL,'Daily interest','2024-08-02 21:00:00','INTEREST','2024-08-02 21:00:00','2024-08-02 21:00:00',NULL,NULL),(75,1,2,'[{\"category\":{\"id\":10,\"genre\":\"OUTCOME\",\"userId\":1,\"name\":\"Autre (Dépenses)\",\"type\":\"OTHER\",\"imagePath\":\"1-Billy/categories/other.png\",\"creationDate\":\"2024-07-01T12:29:31.000Z\",\"modificationDate\":\"2024-07-01T12:29:31.000Z\"},\"subCategory\":{\"id\":46,\"userId\":1,\"categoryId\":10,\"name\":\"Banque\",\"type\":\"banque\",\"imagePath\":\"1-Billy/subcategories/banque.png\",\"creationDate\":\"2024-07-01T13:32:11.000Z\",\"modificationDate\":\"2024-07-01T13:32:11.000Z\"},\"amount\":\"4.28\"}]','','','2024-08-03 08:00:00','EXPENSE','2024-08-03 08:00:00','2024-08-03 08:00:00',NULL,1),(76,1,2,'[{\"category\":{\"id\":3,\"genre\":\"OUTCOME\",\"userId\":1,\"name\":\"Transport\",\"type\":\"TRANSPORT\",\"imagePath\":\"1-Billy/categories/transport.png\",\"creationDate\":\"2024-07-01T12:29:31.000Z\",\"modificationDate\":\"2024-07-01T12:29:31.000Z\"},\"subCategory\":{\"id\":10,\"userId\":1,\"categoryId\":3,\"name\":\"Transport\",\"type\":\"TRANSPORT\",\"imagePath\":\"1-Billy/subcategories/transport.png\",\"creationDate\":\"2024-07-01T12:29:31.000Z\",\"modificationDate\":\"2024-07-01T12:29:31.000Z\"},\"amount\":\"86.40\"}]','','Navigo','2024-08-03 08:00:00','EXPENSE','2024-08-03 08:00:00','2024-08-03 08:00:00',NULL,1),(77,1,2,'[{\"category\":{\"id\":14,\"genre\":\"OUTCOME\",\"userId\":1,\"name\":\"Patreon\",\"type\":\"patreon\",\"imagePath\":\"1-Billy/categories/patreon.png\",\"creationDate\":\"2024-07-01T13:00:26.000Z\",\"modificationDate\":\"2024-07-01T13:00:26.000Z\"},\"subCategory\":{\"id\":38,\"userId\":1,\"categoryId\":14,\"name\":\"Recifense Cheers\",\"type\":\"recifense\",\"imagePath\":\"1-Billy/subcategories/recifense.png\",\"creationDate\":\"2024-07-01T13:07:07.000Z\",\"modificationDate\":\"2024-07-01T13:07:07.000Z\"},\"amount\":\"1.20\"}]','','','2024-08-03 08:00:00','EXPENSE','2024-08-03 08:00:00','2024-08-03 08:00:00',NULL,1),(78,1,11,'[{\"category\":{\"id\":12,\"genre\":\"INCOME\",\"userId\":1,\"name\":\"Revenus financier\",\"type\":\"FINANCIAL\",\"imagePath\":\"1-Billy/categories/financial.png\",\"creationDate\":\"2024-07-01T12:29:31.000Z\",\"modificationDate\":\"2024-07-01T12:29:31.000Z\"},\"subCategory\":{\"id\":33,\"userId\":1,\"categoryId\":12,\"name\":\"Revenues financiers\",\"type\":\"INCOME\",\"imagePath\":\"1-Billy/subcategories/financial.png\",\"creationDate\":\"2024-07-01T12:29:31.000Z\",\"modificationDate\":\"2024-07-01T12:29:31.000Z\",\"category\":{\"id\":12,\"genre\":\"INCOME\",\"userId\":1,\"name\":\"Revenus financier\",\"type\":\"FINANCIAL\",\"imagePath\":\"1-Billy/categories/financial.png\",\"creationDate\":\"2024-07-01T12:29:31.000Z\",\"modificationDate\":\"2024-07-01T12:29:31.000Z\"}},\"amount\":0.01}]',NULL,'Daily interest','2024-08-03 21:00:00','INTEREST','2024-08-03 21:00:00','2024-08-03 21:00:00',NULL,NULL),(79,1,2,'[{\"category\":{\"id\":13,\"genre\":\"INCOME\",\"userId\":1,\"name\":\"Revenus\",\"type\":\"INCOME\",\"imagePath\":\"1-Billy/categories/income.png\",\"creationDate\":\"2024-07-01T12:29:31.000Z\",\"modificationDate\":\"2024-07-01T12:29:31.000Z\"},\"subCategory\":{\"id\":34,\"userId\":1,\"categoryId\":13,\"name\":\"Salaire\",\"type\":\"SALARY\",\"imagePath\":\"1-Billy/subcategories/salary.png\",\"creationDate\":\"2024-07-01T12:29:31.000Z\",\"modificationDate\":\"2024-07-01T12:29:31.000Z\"},\"amount\":\"379.37\"}]','','Prime','2024-08-04 15:02:14','INCOME','2024-08-04 15:02:44','2024-08-04 15:02:44',NULL,NULL),(80,1,2,'[{\"category\":{\"id\":1,\"genre\":\"OUTCOME\",\"userId\":1,\"name\":\"Alimentations\",\"type\":\"FOOD\",\"imagePath\":\"1-Billy/categories/food.png\",\"creationDate\":\"2024-07-01T12:29:31.000Z\",\"modificationDate\":\"2024-07-01T12:29:31.000Z\"},\"subCategory\":{\"id\":1,\"userId\":1,\"categoryId\":1,\"name\":\"Alimentation\",\"type\":\"FOOD\",\"imagePath\":\"1-Billy/subcategories/food.png\",\"creationDate\":\"2024-07-01T12:29:31.000Z\",\"modificationDate\":\"2024-07-01T12:29:31.000Z\"},\"amount\":\"4.50\"}]','','','2024-08-02 11:00:00','EXPENSE','2024-08-04 15:08:37','2024-08-04 15:08:37',NULL,NULL),(81,1,11,'[{\"category\":{\"id\":12,\"genre\":\"INCOME\",\"userId\":1,\"name\":\"Revenus financier\",\"type\":\"FINANCIAL\",\"imagePath\":\"1-Billy/categories/financial.png\",\"creationDate\":\"2024-07-01T12:29:31.000Z\",\"modificationDate\":\"2024-07-01T12:29:31.000Z\"},\"subCategory\":{\"id\":33,\"userId\":1,\"categoryId\":12,\"name\":\"Revenues financiers\",\"type\":\"INCOME\",\"imagePath\":\"1-Billy/subcategories/financial.png\",\"creationDate\":\"2024-07-01T12:29:31.000Z\",\"modificationDate\":\"2024-07-01T12:29:31.000Z\",\"category\":{\"id\":12,\"genre\":\"INCOME\",\"userId\":1,\"name\":\"Revenus financier\",\"type\":\"FINANCIAL\",\"imagePath\":\"1-Billy/categories/financial.png\",\"creationDate\":\"2024-07-01T12:29:31.000Z\",\"modificationDate\":\"2024-07-01T12:29:31.000Z\"}},\"amount\":0.01}]',NULL,'Daily interest','2024-08-04 21:00:00','INTEREST','2024-08-04 21:00:00','2024-08-04 21:00:00',NULL,NULL),(82,1,2,'[{\"category\":{\"id\":5,\"genre\":\"OUTCOME\",\"userId\":1,\"name\":\"Maison\",\"type\":\"HOME\",\"imagePath\":\"1-Billy/categories/home.png\",\"creationDate\":\"2024-07-01T12:29:31.000Z\",\"modificationDate\":\"2024-07-01T12:29:31.000Z\"},\"subCategory\":{\"id\":18,\"userId\":1,\"categoryId\":5,\"name\":\"Loyer\",\"type\":\"RENT\",\"imagePath\":\"1-Billy/subcategories/rent.png\",\"creationDate\":\"2024-07-01T12:29:31.000Z\",\"modificationDate\":\"2024-07-01T12:29:31.000Z\"},\"amount\":\"300\"}]','','Famille','2024-08-05 08:00:00','EXPENSE','2024-08-05 08:00:00','2024-08-05 08:00:00',NULL,1),(83,1,2,'[{\"category\":{\"id\":10,\"genre\":\"OUTCOME\",\"userId\":1,\"name\":\"Autre (Dépenses)\",\"type\":\"OTHER\",\"imagePath\":\"1-Billy/categories/other.png\",\"creationDate\":\"2024-07-01T12:29:31.000Z\",\"modificationDate\":\"2024-07-01T12:29:31.000Z\"},\"subCategory\":{\"id\":47,\"userId\":1,\"categoryId\":10,\"name\":\"Coalition plus\",\"type\":\"coalition\",\"imagePath\":\"1-Billy/subcategories/coalition.png\",\"creationDate\":\"2024-07-01T13:32:46.000Z\",\"modificationDate\":\"2024-07-01T13:32:46.000Z\"},\"amount\":\"10\"}]','','','2024-08-05 08:00:00','EXPENSE','2024-08-05 08:00:00','2024-08-05 08:00:00',NULL,1),(84,1,2,'[{\"category\":{\"id\":4,\"genre\":\"OUTCOME\",\"userId\":1,\"name\":\"Divertissement\",\"type\":\"ENTERTAINMENT\",\"imagePath\":\"1-Billy/categories/entertainment.png\",\"creationDate\":\"2024-07-01T12:29:31.000Z\",\"modificationDate\":\"2024-07-01T12:29:31.000Z\"},\"subCategory\":{\"id\":48,\"userId\":1,\"categoryId\":4,\"name\":\"Sankaku\",\"type\":\"sankaku\",\"imagePath\":\"1-Billy/subcategories/sankaku.png\",\"creationDate\":\"2024-07-01T13:33:03.000Z\",\"modificationDate\":\"2024-07-01T13:33:03.000Z\"},\"amount\":\"9.99\"}]','','','2024-08-05 08:00:00','EXPENSE','2024-08-05 08:00:00','2024-08-05 08:00:00',NULL,1),(85,1,2,'[{\"category\":{\"id\":1,\"genre\":\"OUTCOME\",\"userId\":1,\"name\":\"Alimentations\",\"type\":\"FOOD\",\"imagePath\":\"1-Billy/categories/food.png\",\"creationDate\":\"2024-07-01T12:29:31.000Z\",\"modificationDate\":\"2024-07-01T12:29:31.000Z\"},\"subCategory\":{\"id\":1,\"userId\":1,\"categoryId\":1,\"name\":\"Alimentation\",\"type\":\"FOOD\",\"imagePath\":\"1-Billy/subcategories/food.png\",\"creationDate\":\"2024-07-01T12:29:31.000Z\",\"modificationDate\":\"2024-07-01T12:29:31.000Z\"},\"amount\":\"19.2\"}]','','Espelette','2024-08-04 12:00:00','EXPENSE','2024-08-05 18:27:13','2024-08-05 18:27:13',NULL,NULL),(86,1,11,'[{\"category\":{\"id\":12,\"genre\":\"INCOME\",\"userId\":1,\"name\":\"Revenus financier\",\"type\":\"FINANCIAL\",\"imagePath\":\"1-Billy/categories/financial.png\",\"creationDate\":\"2024-07-01T12:29:31.000Z\",\"modificationDate\":\"2024-07-01T12:29:31.000Z\"},\"subCategory\":{\"id\":33,\"userId\":1,\"categoryId\":12,\"name\":\"Revenues financiers\",\"type\":\"INCOME\",\"imagePath\":\"1-Billy/subcategories/financial.png\",\"creationDate\":\"2024-07-01T12:29:31.000Z\",\"modificationDate\":\"2024-07-01T12:29:31.000Z\",\"category\":{\"id\":12,\"genre\":\"INCOME\",\"userId\":1,\"name\":\"Revenus financier\",\"type\":\"FINANCIAL\",\"imagePath\":\"1-Billy/categories/financial.png\",\"creationDate\":\"2024-07-01T12:29:31.000Z\",\"modificationDate\":\"2024-07-01T12:29:31.000Z\"}},\"amount\":0.01}]',NULL,'Daily interest','2024-08-05 21:00:00','INTEREST','2024-08-05 21:00:00','2024-08-05 21:00:00',NULL,NULL),(87,1,2,'[{\"category\":{\"id\":4,\"genre\":\"OUTCOME\",\"userId\":1,\"name\":\"Divertissement\",\"type\":\"ENTERTAINMENT\",\"imagePath\":\"1-Billy/categories/entertainment.png\",\"creationDate\":\"2024-07-01T12:29:31.000Z\",\"modificationDate\":\"2024-07-01T12:29:31.000Z\"},\"subCategory\":{\"id\":40,\"userId\":1,\"categoryId\":4,\"name\":\"Steam\",\"type\":\"steam\",\"imagePath\":\"1-Billy/subcategories/steam.png\",\"creationDate\":\"2024-07-01T13:27:40.000Z\",\"modificationDate\":\"2024-07-01T17:12:32.000Z\"},\"amount\":\"7.99\"}]','','','2024-08-06 08:00:00','EXPENSE','2024-08-06 08:00:00','2024-08-06 08:00:00',NULL,1),(88,1,2,'[{\"category\":{\"id\":4,\"genre\":\"OUTCOME\",\"userId\":1,\"name\":\"Divertissement\",\"type\":\"ENTERTAINMENT\",\"imagePath\":\"1-Billy/categories/entertainment.png\",\"creationDate\":\"2024-07-01T12:29:31.000Z\",\"modificationDate\":\"2024-07-01T12:29:31.000Z\"},\"subCategory\":{\"id\":55,\"userId\":1,\"categoryId\":4,\"name\":\"Snowbreak\",\"type\":\"snowbreak\",\"imagePath\":\"1-Billy/subcategories/snowbreak.jpg\",\"creationDate\":\"2024-08-06T17:11:24.000Z\",\"modificationDate\":\"2024-08-06T17:11:24.000Z\"},\"amount\":\"29.99\"}]','','','2024-08-05 20:00:00','EXPENSE','2024-08-06 17:13:44','2024-08-06 17:13:44',NULL,NULL),(89,1,11,'[{\"category\":{\"id\":12,\"genre\":\"INCOME\",\"userId\":1,\"name\":\"Revenus financier\",\"type\":\"FINANCIAL\",\"imagePath\":\"1-Billy/categories/financial.png\",\"creationDate\":\"2024-07-01T12:29:31.000Z\",\"modificationDate\":\"2024-07-01T12:29:31.000Z\"},\"subCategory\":{\"id\":33,\"userId\":1,\"categoryId\":12,\"name\":\"Revenues financiers\",\"type\":\"INCOME\",\"imagePath\":\"1-Billy/subcategories/financial.png\",\"creationDate\":\"2024-07-01T12:29:31.000Z\",\"modificationDate\":\"2024-07-01T12:29:31.000Z\",\"category\":{\"id\":12,\"genre\":\"INCOME\",\"userId\":1,\"name\":\"Revenus financier\",\"type\":\"FINANCIAL\",\"imagePath\":\"1-Billy/categories/financial.png\",\"creationDate\":\"2024-07-01T12:29:31.000Z\",\"modificationDate\":\"2024-07-01T12:29:31.000Z\"}},\"amount\":0.02199768}]',NULL,'Daily interest','2024-08-06 21:00:00','INTEREST','2024-08-06 21:00:00','2024-08-06 21:00:00',NULL,NULL),(90,1,11,'[{\"category\":{\"id\":12,\"genre\":\"INCOME\",\"userId\":1,\"name\":\"Revenus financier\",\"type\":\"FINANCIAL\",\"imagePath\":\"1-Billy/categories/financial.png\",\"creationDate\":\"2024-07-01T12:29:31.000Z\",\"modificationDate\":\"2024-07-01T12:29:31.000Z\"},\"subCategory\":{\"id\":33,\"userId\":1,\"categoryId\":12,\"name\":\"Revenues financiers\",\"type\":\"INCOME\",\"imagePath\":\"1-Billy/subcategories/financial.png\",\"creationDate\":\"2024-07-01T12:29:31.000Z\",\"modificationDate\":\"2024-07-01T12:29:31.000Z\",\"category\":{\"id\":12,\"genre\":\"INCOME\",\"userId\":1,\"name\":\"Revenus financier\",\"type\":\"FINANCIAL\",\"imagePath\":\"1-Billy/categories/financial.png\",\"creationDate\":\"2024-07-01T12:29:31.000Z\",\"modificationDate\":\"2024-07-01T12:29:31.000Z\"}},\"amount\":0.02200015}]',NULL,'Daily interest','2024-08-07 21:00:00','INTEREST','2024-08-07 21:00:00','2024-08-07 21:00:00',NULL,NULL),(91,1,11,'[{\"category\":{\"id\":12,\"genre\":\"INCOME\",\"userId\":1,\"name\":\"Revenus financier\",\"type\":\"FINANCIAL\",\"imagePath\":\"1-Billy/categories/financial.png\",\"creationDate\":\"2024-07-01T12:29:31.000Z\",\"modificationDate\":\"2024-07-01T12:29:31.000Z\"},\"subCategory\":{\"id\":33,\"userId\":1,\"categoryId\":12,\"name\":\"Revenues financiers\",\"type\":\"INCOME\",\"imagePath\":\"1-Billy/subcategories/financial.png\",\"creationDate\":\"2024-07-01T12:29:31.000Z\",\"modificationDate\":\"2024-07-01T12:29:31.000Z\",\"category\":{\"id\":12,\"genre\":\"INCOME\",\"userId\":1,\"name\":\"Revenus financier\",\"type\":\"FINANCIAL\",\"imagePath\":\"1-Billy/categories/financial.png\",\"creationDate\":\"2024-07-01T12:29:31.000Z\",\"modificationDate\":\"2024-07-01T12:29:31.000Z\"}},\"amount\":0.02200263}]',NULL,'Daily interest','2024-08-08 21:00:00','INTEREST','2024-08-08 21:00:00','2024-08-08 21:00:00',NULL,NULL),(92,1,2,'[{\"category\":{\"id\":4,\"genre\":\"OUTCOME\",\"userId\":1,\"name\":\"Divertissement\",\"type\":\"ENTERTAINMENT\",\"imagePath\":\"1-Billy/categories/entertainment.png\",\"creationDate\":\"2024-07-01T12:29:31.000Z\",\"modificationDate\":\"2024-07-01T12:29:31.000Z\"},\"subCategory\":{\"id\":39,\"userId\":1,\"categoryId\":4,\"name\":\"Nikke\",\"type\":\"nikke\",\"imagePath\":\"1-Billy/subcategories/nikke.jpg\",\"creationDate\":\"2024-07-01T13:24:37.000Z\",\"modificationDate\":\"2024-07-01T13:24:37.000Z\"},\"amount\":\"9.15\"}]','','','2024-08-09 08:53:50','EXPENSE','2024-08-09 08:54:50','2024-08-09 08:54:50',NULL,NULL),(93,1,11,'[{\"category\":{\"id\":12,\"genre\":\"INCOME\",\"userId\":1,\"name\":\"Revenus financier\",\"type\":\"FINANCIAL\",\"imagePath\":\"1-Billy/categories/financial.png\",\"creationDate\":\"2024-07-01T12:29:31.000Z\",\"modificationDate\":\"2024-07-01T12:29:31.000Z\"},\"subCategory\":{\"id\":33,\"userId\":1,\"categoryId\":12,\"name\":\"Revenues financiers\",\"type\":\"INCOME\",\"imagePath\":\"1-Billy/subcategories/financial.png\",\"creationDate\":\"2024-07-01T12:29:31.000Z\",\"modificationDate\":\"2024-07-01T12:29:31.000Z\",\"category\":{\"id\":12,\"genre\":\"INCOME\",\"userId\":1,\"name\":\"Revenus financier\",\"type\":\"FINANCIAL\",\"imagePath\":\"1-Billy/categories/financial.png\",\"creationDate\":\"2024-07-01T12:29:31.000Z\",\"modificationDate\":\"2024-07-01T12:29:31.000Z\"}},\"amount\":0.02200511}]',NULL,'Daily interest','2024-08-09 21:00:00','INTEREST','2024-08-09 21:00:00','2024-08-09 21:00:00',NULL,NULL),(94,1,2,'[{\"category\":{\"id\":4,\"genre\":\"OUTCOME\",\"userId\":1,\"name\":\"Divertissement\",\"type\":\"ENTERTAINMENT\",\"imagePath\":\"1-Billy/categories/entertainment.png\",\"creationDate\":\"2024-07-01T12:29:31.000Z\",\"modificationDate\":\"2024-07-01T12:29:31.000Z\"},\"subCategory\":{\"id\":40,\"userId\":1,\"categoryId\":4,\"name\":\"Steam\",\"type\":\"steam\",\"imagePath\":\"1-Billy/subcategories/steam.png\",\"creationDate\":\"2024-07-01T13:27:40.000Z\",\"modificationDate\":\"2024-07-01T17:12:32.000Z\"},\"amount\":\"18.21\"}]','','Soviet Republic','2024-08-10 09:37:49','EXPENSE','2024-08-10 09:38:08','2024-08-10 09:38:08',NULL,NULL),(95,1,11,'[{\"category\":{\"id\":12,\"genre\":\"INCOME\",\"userId\":1,\"name\":\"Revenus financier\",\"type\":\"FINANCIAL\",\"imagePath\":\"1-Billy/categories/financial.png\",\"creationDate\":\"2024-07-01T12:29:31.000Z\",\"modificationDate\":\"2024-07-01T12:29:31.000Z\"},\"subCategory\":{\"id\":33,\"userId\":1,\"categoryId\":12,\"name\":\"Revenues financiers\",\"type\":\"INCOME\",\"imagePath\":\"1-Billy/subcategories/financial.png\",\"creationDate\":\"2024-07-01T12:29:31.000Z\",\"modificationDate\":\"2024-07-01T12:29:31.000Z\",\"category\":{\"id\":12,\"genre\":\"INCOME\",\"userId\":1,\"name\":\"Revenus financier\",\"type\":\"FINANCIAL\",\"imagePath\":\"1-Billy/categories/financial.png\",\"creationDate\":\"2024-07-01T12:29:31.000Z\",\"modificationDate\":\"2024-07-01T12:29:31.000Z\"}},\"amount\":0.02200759}]',NULL,'Daily interest','2024-08-10 21:00:00','INTEREST','2024-08-10 21:00:00','2024-08-10 21:00:00',NULL,NULL),(96,1,11,'[{\"category\":{\"id\":12,\"genre\":\"INCOME\",\"userId\":1,\"name\":\"Revenus financier\",\"type\":\"FINANCIAL\",\"imagePath\":\"1-Billy/categories/financial.png\",\"creationDate\":\"2024-07-01T12:29:31.000Z\",\"modificationDate\":\"2024-07-01T12:29:31.000Z\"},\"subCategory\":{\"id\":33,\"userId\":1,\"categoryId\":12,\"name\":\"Revenues financiers\",\"type\":\"INCOME\",\"imagePath\":\"1-Billy/subcategories/financial.png\",\"creationDate\":\"2024-07-01T12:29:31.000Z\",\"modificationDate\":\"2024-07-01T12:29:31.000Z\",\"category\":{\"id\":12,\"genre\":\"INCOME\",\"userId\":1,\"name\":\"Revenus financier\",\"type\":\"FINANCIAL\",\"imagePath\":\"1-Billy/categories/financial.png\",\"creationDate\":\"2024-07-01T12:29:31.000Z\",\"modificationDate\":\"2024-07-01T12:29:31.000Z\"}},\"amount\":0.02201007}]',NULL,'Daily interest','2024-08-11 21:00:00','INTEREST','2024-08-11 21:00:00','2024-08-11 21:00:00',NULL,NULL),(97,1,11,'[{\"category\":{\"id\":12,\"genre\":\"INCOME\",\"userId\":1,\"name\":\"Revenus financier\",\"type\":\"FINANCIAL\",\"imagePath\":\"1-Billy/categories/financial.png\",\"creationDate\":\"2024-07-01T12:29:31.000Z\",\"modificationDate\":\"2024-07-01T12:29:31.000Z\"},\"subCategory\":{\"id\":33,\"userId\":1,\"categoryId\":12,\"name\":\"Revenues financiers\",\"type\":\"INCOME\",\"imagePath\":\"1-Billy/subcategories/financial.png\",\"creationDate\":\"2024-07-01T12:29:31.000Z\",\"modificationDate\":\"2024-07-01T12:29:31.000Z\",\"category\":{\"id\":12,\"genre\":\"INCOME\",\"userId\":1,\"name\":\"Revenus financier\",\"type\":\"FINANCIAL\",\"imagePath\":\"1-Billy/categories/financial.png\",\"creationDate\":\"2024-07-01T12:29:31.000Z\",\"modificationDate\":\"2024-07-01T12:29:31.000Z\"}},\"amount\":0.02595519}]',NULL,'Daily interest','2024-08-12 21:00:00','INTEREST','2024-08-12 21:00:00','2024-08-12 21:00:00',NULL,NULL),(98,1,1,'[{\"category\":{\"id\":2,\"genre\":\"OUTCOME\",\"userId\":1,\"name\":\"Courses\",\"type\":\"SHOPPING\",\"imagePath\":\"1-Billy/categories/shopping.png\",\"creationDate\":\"2024-07-01T12:29:31.000Z\",\"modificationDate\":\"2024-07-01T12:29:31.000Z\"},\"subCategory\":{\"id\":8,\"userId\":1,\"categoryId\":2,\"name\":\"Cadeaux\",\"type\":\"GIFT\",\"imagePath\":\"1-Billy/subcategories/gift.png\",\"creationDate\":\"2024-07-01T12:29:31.000Z\",\"modificationDate\":\"2024-07-01T12:29:31.000Z\"},\"amount\":\"9\"}]','','Espelette pour Philippe','2024-08-13 11:20:58','EXPENSE','2024-08-13 11:21:43','2024-08-13 11:21:43',NULL,NULL),(99,1,11,'[{\"category\":{\"id\":12,\"genre\":\"INCOME\",\"userId\":1,\"name\":\"Revenus financier\",\"type\":\"FINANCIAL\",\"imagePath\":\"1-Billy/categories/financial.png\",\"creationDate\":\"2024-07-01T12:29:31.000Z\",\"modificationDate\":\"2024-07-01T12:29:31.000Z\"},\"subCategory\":{\"id\":33,\"userId\":1,\"categoryId\":12,\"name\":\"Revenues financiers\",\"type\":\"INCOME\",\"imagePath\":\"1-Billy/subcategories/financial.png\",\"creationDate\":\"2024-07-01T12:29:31.000Z\",\"modificationDate\":\"2024-07-01T12:29:31.000Z\",\"category\":{\"id\":12,\"genre\":\"INCOME\",\"userId\":1,\"name\":\"Revenus financier\",\"type\":\"FINANCIAL\",\"imagePath\":\"1-Billy/categories/financial.png\",\"creationDate\":\"2024-07-01T12:29:31.000Z\",\"modificationDate\":\"2024-07-01T12:29:31.000Z\"}},\"amount\":0.02595811}]',NULL,'Daily interest','2024-08-13 21:00:00','INTEREST','2024-08-13 21:00:00','2024-08-13 21:00:00',NULL,NULL),(100,1,2,'[{\"category\":{\"id\":4,\"genre\":\"OUTCOME\",\"userId\":1,\"name\":\"Divertissement\",\"type\":\"ENTERTAINMENT\",\"imagePath\":\"1-Billy/categories/entertainment.png\",\"creationDate\":\"2024-07-01T12:29:31.000Z\",\"modificationDate\":\"2024-07-01T12:29:31.000Z\"},\"subCategory\":{\"id\":44,\"userId\":1,\"categoryId\":4,\"name\":\"Discord\",\"type\":\"discord\",\"imagePath\":\"1-Billy/subcategories/discord.png\",\"creationDate\":\"2024-07-01T13:29:19.000Z\",\"modificationDate\":\"2024-07-01T13:29:19.000Z\"},\"amount\":\"4.99\"}]','','Rod24','2024-08-14 08:00:00','EXPENSE','2024-08-14 08:00:00','2024-08-14 08:00:00',NULL,1),(101,1,11,'[{\"category\":{\"id\":12,\"genre\":\"INCOME\",\"userId\":1,\"name\":\"Revenus financier\",\"type\":\"FINANCIAL\",\"imagePath\":\"1-Billy/categories/financial.png\",\"creationDate\":\"2024-07-01T12:29:31.000Z\",\"modificationDate\":\"2024-07-01T12:29:31.000Z\"},\"subCategory\":{\"id\":33,\"userId\":1,\"categoryId\":12,\"name\":\"Revenues financiers\",\"type\":\"INCOME\",\"imagePath\":\"1-Billy/subcategories/financial.png\",\"creationDate\":\"2024-07-01T12:29:31.000Z\",\"modificationDate\":\"2024-07-01T12:29:31.000Z\",\"category\":{\"id\":12,\"genre\":\"INCOME\",\"userId\":1,\"name\":\"Revenus financier\",\"type\":\"FINANCIAL\",\"imagePath\":\"1-Billy/categories/financial.png\",\"creationDate\":\"2024-07-01T12:29:31.000Z\",\"modificationDate\":\"2024-07-01T12:29:31.000Z\"}},\"amount\":0.02596104}]',NULL,'Daily interest','2024-08-14 21:00:00','INTEREST','2024-08-14 21:00:00','2024-08-14 21:00:00',NULL,NULL),(102,1,11,'[{\"category\":{\"id\":12,\"genre\":\"INCOME\",\"userId\":1,\"name\":\"Revenus financier\",\"type\":\"FINANCIAL\",\"imagePath\":\"1-Billy/categories/financial.png\",\"creationDate\":\"2024-07-01T12:29:31.000Z\",\"modificationDate\":\"2024-07-01T12:29:31.000Z\"},\"subCategory\":{\"id\":33,\"userId\":1,\"categoryId\":12,\"name\":\"Revenues financiers\",\"type\":\"INCOME\",\"imagePath\":\"1-Billy/subcategories/financial.png\",\"creationDate\":\"2024-07-01T12:29:31.000Z\",\"modificationDate\":\"2024-07-01T12:29:31.000Z\",\"category\":{\"id\":12,\"genre\":\"INCOME\",\"userId\":1,\"name\":\"Revenus financier\",\"type\":\"FINANCIAL\",\"imagePath\":\"1-Billy/categories/financial.png\",\"creationDate\":\"2024-07-01T12:29:31.000Z\",\"modificationDate\":\"2024-07-01T12:29:31.000Z\"}},\"amount\":0.02596397}]',NULL,'Daily interest','2024-08-15 21:00:00','INTEREST','2024-08-15 21:00:00','2024-08-15 21:00:00',NULL,NULL),(103,1,2,'[{\"category\":{\"id\":1,\"genre\":\"OUTCOME\",\"userId\":1,\"name\":\"Alimentations\",\"type\":\"FOOD\",\"imagePath\":\"1-Billy/categories/food.png\",\"creationDate\":\"2024-07-01T12:29:31.000Z\",\"modificationDate\":\"2024-07-01T12:29:31.000Z\"},\"subCategory\":{\"id\":3,\"userId\":1,\"categoryId\":1,\"name\":\"Restaurant\",\"type\":\"RESTAURANT\",\"imagePath\":\"1-Billy/subcategories/restaurant.png\",\"creationDate\":\"2024-07-01T12:29:31.000Z\",\"modificationDate\":\"2024-07-01T12:29:31.000Z\"},\"amount\":\"59.80\"}]','','','2024-08-16 12:46:36','EXPENSE','2024-08-16 12:46:48','2024-08-16 12:46:48',NULL,NULL),(104,1,11,'[{\"category\":{\"id\":12,\"genre\":\"INCOME\",\"userId\":1,\"name\":\"Revenus financier\",\"type\":\"FINANCIAL\",\"imagePath\":\"1-Billy/categories/financial.png\",\"creationDate\":\"2024-07-01T12:29:31.000Z\",\"modificationDate\":\"2024-07-01T12:29:31.000Z\"},\"subCategory\":{\"id\":33,\"userId\":1,\"categoryId\":12,\"name\":\"Revenues financiers\",\"type\":\"INCOME\",\"imagePath\":\"1-Billy/subcategories/financial.png\",\"creationDate\":\"2024-07-01T12:29:31.000Z\",\"modificationDate\":\"2024-07-01T12:29:31.000Z\",\"category\":{\"id\":12,\"genre\":\"INCOME\",\"userId\":1,\"name\":\"Revenus financier\",\"type\":\"FINANCIAL\",\"imagePath\":\"1-Billy/categories/financial.png\",\"creationDate\":\"2024-07-01T12:29:31.000Z\",\"modificationDate\":\"2024-07-01T12:29:31.000Z\"}},\"amount\":0.0259669}]',NULL,'Daily interest','2024-08-16 21:00:00','INTEREST','2024-08-16 21:00:00','2024-08-16 21:00:00',NULL,NULL),(105,1,11,'[{\"category\":{\"id\":12,\"genre\":\"INCOME\",\"userId\":1,\"name\":\"Revenus financier\",\"type\":\"FINANCIAL\",\"imagePath\":\"1-Billy/categories/financial.png\",\"creationDate\":\"2024-07-01T12:29:31.000Z\",\"modificationDate\":\"2024-07-01T12:29:31.000Z\"},\"subCategory\":{\"id\":33,\"userId\":1,\"categoryId\":12,\"name\":\"Revenues financiers\",\"type\":\"INCOME\",\"imagePath\":\"1-Billy/subcategories/financial.png\",\"creationDate\":\"2024-07-01T12:29:31.000Z\",\"modificationDate\":\"2024-07-01T12:29:31.000Z\",\"category\":{\"id\":12,\"genre\":\"INCOME\",\"userId\":1,\"name\":\"Revenus financier\",\"type\":\"FINANCIAL\",\"imagePath\":\"1-Billy/categories/financial.png\",\"creationDate\":\"2024-07-01T12:29:31.000Z\",\"modificationDate\":\"2024-07-01T12:29:31.000Z\"}},\"amount\":0.02596983}]',NULL,'Daily interest','2024-08-17 21:00:00','INTEREST','2024-08-17 21:00:00','2024-08-17 21:00:00',NULL,NULL),(106,1,2,'[{\"category\":{\"id\":4,\"genre\":\"OUTCOME\",\"userId\":1,\"name\":\"Divertissement\",\"type\":\"ENTERTAINMENT\",\"imagePath\":\"1-Billy/categories/entertainment.png\",\"creationDate\":\"2024-07-01T12:29:31.000Z\",\"modificationDate\":\"2024-07-01T12:29:31.000Z\"},\"subCategory\":{\"id\":55,\"userId\":1,\"categoryId\":4,\"name\":\"Snowbreak\",\"type\":\"snowbreak\",\"imagePath\":\"1-Billy/subcategories/snowbreak.jpg\",\"creationDate\":\"2024-08-06T17:11:24.000Z\",\"modificationDate\":\"2024-08-06T17:11:24.000Z\"},\"amount\":\"14.99\"}]','','','2024-08-18 19:28:19','EXPENSE','2024-08-18 19:28:57','2024-08-18 19:28:57',NULL,NULL),(107,1,2,'[{\"category\":{\"id\":4,\"genre\":\"OUTCOME\",\"userId\":1,\"name\":\"Divertissement\",\"type\":\"ENTERTAINMENT\",\"imagePath\":\"1-Billy/categories/entertainment.png\",\"creationDate\":\"2024-07-01T12:29:31.000Z\",\"modificationDate\":\"2024-07-01T12:29:31.000Z\"},\"subCategory\":{\"id\":55,\"userId\":1,\"categoryId\":4,\"name\":\"Snowbreak\",\"type\":\"snowbreak\",\"imagePath\":\"1-Billy/subcategories/snowbreak.jpg\",\"creationDate\":\"2024-08-06T17:11:24.000Z\",\"modificationDate\":\"2024-08-06T17:11:24.000Z\"},\"amount\":\"4.99\"}]','','','2024-08-18 19:28:43','EXPENSE','2024-08-18 19:29:27','2024-08-18 19:29:27',NULL,NULL),(108,1,11,'[{\"category\":{\"id\":12,\"genre\":\"INCOME\",\"userId\":1,\"name\":\"Revenus financier\",\"type\":\"FINANCIAL\",\"imagePath\":\"1-Billy/categories/financial.png\",\"creationDate\":\"2024-07-01T12:29:31.000Z\",\"modificationDate\":\"2024-07-01T12:29:31.000Z\"},\"subCategory\":{\"id\":33,\"userId\":1,\"categoryId\":12,\"name\":\"Revenues financiers\",\"type\":\"INCOME\",\"imagePath\":\"1-Billy/subcategories/financial.png\",\"creationDate\":\"2024-07-01T12:29:31.000Z\",\"modificationDate\":\"2024-07-01T12:29:31.000Z\",\"category\":{\"id\":12,\"genre\":\"INCOME\",\"userId\":1,\"name\":\"Revenus financier\",\"type\":\"FINANCIAL\",\"imagePath\":\"1-Billy/categories/financial.png\",\"creationDate\":\"2024-07-01T12:29:31.000Z\",\"modificationDate\":\"2024-07-01T12:29:31.000Z\"}},\"amount\":0.02597276}]',NULL,'Daily interest','2024-08-18 21:00:00','INTEREST','2024-08-18 21:00:00','2024-08-18 21:00:00',NULL,NULL),(109,1,11,'[{\"category\":{\"id\":12,\"genre\":\"INCOME\",\"userId\":1,\"name\":\"Revenus financier\",\"type\":\"FINANCIAL\",\"imagePath\":\"1-Billy/categories/financial.png\",\"creationDate\":\"2024-07-01T12:29:31.000Z\",\"modificationDate\":\"2024-07-01T12:29:31.000Z\"},\"subCategory\":{\"id\":33,\"userId\":1,\"categoryId\":12,\"name\":\"Revenues financiers\",\"type\":\"INCOME\",\"imagePath\":\"1-Billy/subcategories/financial.png\",\"creationDate\":\"2024-07-01T12:29:31.000Z\",\"modificationDate\":\"2024-07-01T12:29:31.000Z\",\"category\":{\"id\":12,\"genre\":\"INCOME\",\"userId\":1,\"name\":\"Revenus financier\",\"type\":\"FINANCIAL\",\"imagePath\":\"1-Billy/categories/financial.png\",\"creationDate\":\"2024-07-01T12:29:31.000Z\",\"modificationDate\":\"2024-07-01T12:29:31.000Z\"}},\"amount\":0.02991833}]',NULL,'Daily interest','2024-08-19 21:00:00','INTEREST','2024-08-19 21:00:00','2024-08-19 21:00:00',NULL,NULL),(110,1,11,'[{\"category\":{\"id\":12,\"genre\":\"INCOME\",\"userId\":1,\"name\":\"Revenus financier\",\"type\":\"FINANCIAL\",\"imagePath\":\"1-Billy/categories/financial.png\",\"creationDate\":\"2024-07-01T12:29:31.000Z\",\"modificationDate\":\"2024-07-01T12:29:31.000Z\"},\"subCategory\":{\"id\":33,\"userId\":1,\"categoryId\":12,\"name\":\"Revenues financiers\",\"type\":\"INCOME\",\"imagePath\":\"1-Billy/subcategories/financial.png\",\"creationDate\":\"2024-07-01T12:29:31.000Z\",\"modificationDate\":\"2024-07-01T12:29:31.000Z\",\"category\":{\"id\":12,\"genre\":\"INCOME\",\"userId\":1,\"name\":\"Revenus financier\",\"type\":\"FINANCIAL\",\"imagePath\":\"1-Billy/categories/financial.png\",\"creationDate\":\"2024-07-01T12:29:31.000Z\",\"modificationDate\":\"2024-07-01T12:29:31.000Z\"}},\"amount\":0.02992171}]',NULL,'Daily interest','2024-08-20 21:00:00','INTEREST','2024-08-20 21:00:00','2024-08-20 21:00:00',NULL,NULL),(111,1,2,'[{\"category\":{\"id\":10,\"genre\":\"OUTCOME\",\"userId\":1,\"name\":\"Autre (Dépenses)\",\"type\":\"OTHER\",\"imagePath\":\"1-Billy/categories/other.png\",\"creationDate\":\"2024-07-01T12:29:31.000Z\",\"modificationDate\":\"2024-07-01T12:29:31.000Z\"},\"subCategory\":{\"id\":49,\"userId\":1,\"categoryId\":10,\"name\":\"Carte débit\",\"type\":\"carte-debit\",\"imagePath\":\"1-Billy/subcategories/carte-debit.png\",\"creationDate\":\"2024-07-01T13:37:26.000Z\",\"modificationDate\":\"2024-07-01T13:37:26.000Z\"},\"amount\":\"2\"}]','','','2024-08-21 08:00:00','EXPENSE','2024-08-21 08:00:00','2024-08-21 08:00:00',NULL,1),(112,1,2,'[{\"category\":{\"id\":6,\"genre\":\"OUTCOME\",\"userId\":1,\"name\":\"Famille\",\"type\":\"FAMILY\",\"imagePath\":\"1-Billy/categories/family.png\",\"creationDate\":\"2024-07-01T12:29:31.000Z\",\"modificationDate\":\"2024-07-01T12:29:31.000Z\"},\"subCategory\":{\"id\":22,\"userId\":1,\"categoryId\":6,\"name\":\"Famille\",\"type\":\"FAMILY\",\"imagePath\":\"1-Billy/subcategories/family.png\",\"creationDate\":\"2024-07-01T12:29:31.000Z\",\"modificationDate\":\"2024-07-01T12:29:31.000Z\"},\"amount\":\"914\"}]','Papa','Remboursement','2024-08-21 17:03:46','EXPENSE','2024-08-21 17:04:04','2024-08-21 17:04:04',NULL,NULL),(113,1,11,'[{\"category\":{\"id\":12,\"genre\":\"INCOME\",\"userId\":1,\"name\":\"Revenus financier\",\"type\":\"FINANCIAL\",\"imagePath\":\"1-Billy/categories/financial.png\",\"creationDate\":\"2024-07-01T12:29:31.000Z\",\"modificationDate\":\"2024-07-01T12:29:31.000Z\"},\"subCategory\":{\"id\":33,\"userId\":1,\"categoryId\":12,\"name\":\"Revenues financiers\",\"type\":\"INCOME\",\"imagePath\":\"1-Billy/subcategories/financial.png\",\"creationDate\":\"2024-07-01T12:29:31.000Z\",\"modificationDate\":\"2024-07-01T12:29:31.000Z\",\"category\":{\"id\":12,\"genre\":\"INCOME\",\"userId\":1,\"name\":\"Revenus financier\",\"type\":\"FINANCIAL\",\"imagePath\":\"1-Billy/categories/financial.png\",\"creationDate\":\"2024-07-01T12:29:31.000Z\",\"modificationDate\":\"2024-07-01T12:29:31.000Z\"}},\"amount\":0.02992509}]',NULL,'Daily interest','2024-08-21 21:00:00','INTEREST','2024-08-21 21:00:00','2024-08-21 21:00:00',NULL,NULL),(114,1,2,'[{\"category\":{\"id\":10,\"genre\":\"OUTCOME\",\"userId\":1,\"name\":\"Autre (Dépenses)\",\"type\":\"OTHER\",\"imagePath\":\"1-Billy/categories/other.png\",\"creationDate\":\"2024-07-01T12:29:31.000Z\",\"modificationDate\":\"2024-07-01T12:29:31.000Z\"},\"subCategory\":{\"id\":46,\"userId\":1,\"categoryId\":10,\"name\":\"Banque\",\"type\":\"banque\",\"imagePath\":\"1-Billy/subcategories/banque.png\",\"creationDate\":\"2024-07-01T13:32:11.000Z\",\"modificationDate\":\"2024-07-01T13:32:11.000Z\"},\"amount\":\"5.45\"}]','','Responsabilité civile','2024-08-22 08:00:00','EXPENSE','2024-08-22 08:00:00','2024-08-22 08:00:00',NULL,1),(115,1,11,'[{\"category\":{\"id\":12,\"genre\":\"INCOME\",\"userId\":1,\"name\":\"Revenus financier\",\"type\":\"FINANCIAL\",\"imagePath\":\"1-Billy/categories/financial.png\",\"creationDate\":\"2024-07-01T12:29:31.000Z\",\"modificationDate\":\"2024-07-01T12:29:31.000Z\"},\"subCategory\":{\"id\":33,\"userId\":1,\"categoryId\":12,\"name\":\"Revenues financiers\",\"type\":\"INCOME\",\"imagePath\":\"1-Billy/subcategories/financial.png\",\"creationDate\":\"2024-07-01T12:29:31.000Z\",\"modificationDate\":\"2024-07-01T12:29:31.000Z\",\"category\":{\"id\":12,\"genre\":\"INCOME\",\"userId\":1,\"name\":\"Revenus financier\",\"type\":\"FINANCIAL\",\"imagePath\":\"1-Billy/categories/financial.png\",\"creationDate\":\"2024-07-01T12:29:31.000Z\",\"modificationDate\":\"2024-07-01T12:29:31.000Z\"}},\"amount\":0.02992846}]',NULL,'Daily interest','2024-08-22 21:00:00','INTEREST','2024-08-22 21:00:00','2024-08-22 21:00:00',NULL,NULL),(116,1,2,'[{\"category\":{\"id\":4,\"genre\":\"OUTCOME\",\"userId\":1,\"name\":\"Divertissement\",\"type\":\"ENTERTAINMENT\",\"imagePath\":\"1-Billy/categories/entertainment.png\",\"creationDate\":\"2024-07-01T12:29:31.000Z\",\"modificationDate\":\"2024-07-01T12:29:31.000Z\"},\"subCategory\":{\"id\":39,\"userId\":1,\"categoryId\":4,\"name\":\"Nikke\",\"type\":\"nikke\",\"imagePath\":\"1-Billy/subcategories/nikke.jpg\",\"creationDate\":\"2024-07-01T13:24:37.000Z\",\"modificationDate\":\"2024-07-01T13:24:37.000Z\"},\"amount\":\"11.99\"}]','','','2024-08-23 10:32:17','EXPENSE','2024-08-23 10:32:35','2024-08-23 10:32:35',NULL,NULL),(117,1,2,'[{\"category\":{\"id\":4,\"genre\":\"OUTCOME\",\"userId\":1,\"name\":\"Divertissement\",\"type\":\"ENTERTAINMENT\",\"imagePath\":\"1-Billy/categories/entertainment.png\",\"creationDate\":\"2024-07-01T12:29:31.000Z\",\"modificationDate\":\"2024-07-01T12:29:31.000Z\"},\"subCategory\":{\"id\":56,\"userId\":1,\"categoryId\":4,\"name\":\"OnlyFans\",\"type\":\"onlyfans\",\"imagePath\":\"1-Billy/subcategories/onlyfans.png\",\"creationDate\":\"2024-08-23T16:56:43.000Z\",\"modificationDate\":\"2024-08-23T16:56:43.000Z\"},\"amount\":\"216.31\"}]','','','2024-08-23 17:06:50','EXPENSE','2024-08-23 17:07:00','2024-08-23 17:07:00',NULL,NULL),(118,1,2,'[{\"category\":{\"id\":4,\"genre\":\"OUTCOME\",\"userId\":1,\"name\":\"Divertissement\",\"type\":\"ENTERTAINMENT\",\"imagePath\":\"1-Billy/categories/entertainment.png\",\"creationDate\":\"2024-07-01T12:29:31.000Z\",\"modificationDate\":\"2024-07-01T12:29:31.000Z\"},\"subCategory\":{\"id\":56,\"userId\":1,\"categoryId\":4,\"name\":\"OnlyFans\",\"type\":\"onlyfans\",\"imagePath\":\"1-Billy/subcategories/onlyfans.png\",\"creationDate\":\"2024-08-23T16:56:43.000Z\",\"modificationDate\":\"2024-08-23T16:56:43.000Z\"},\"amount\":\"36.05\"}]','','','2024-08-23 17:18:43','EXPENSE','2024-08-23 17:19:06','2024-08-23 17:19:06',NULL,NULL),(119,1,11,'[{\"category\":{\"id\":12,\"genre\":\"INCOME\",\"userId\":1,\"name\":\"Revenus financier\",\"type\":\"FINANCIAL\",\"imagePath\":\"1-Billy/categories/financial.png\",\"creationDate\":\"2024-07-01T12:29:31.000Z\",\"modificationDate\":\"2024-07-01T12:29:31.000Z\"},\"subCategory\":{\"id\":33,\"userId\":1,\"categoryId\":12,\"name\":\"Revenues financiers\",\"type\":\"INCOME\",\"imagePath\":\"1-Billy/subcategories/financial.png\",\"creationDate\":\"2024-07-01T12:29:31.000Z\",\"modificationDate\":\"2024-07-01T12:29:31.000Z\",\"category\":{\"id\":12,\"genre\":\"INCOME\",\"userId\":1,\"name\":\"Revenus financier\",\"type\":\"FINANCIAL\",\"imagePath\":\"1-Billy/categories/financial.png\",\"creationDate\":\"2024-07-01T12:29:31.000Z\",\"modificationDate\":\"2024-07-01T12:29:31.000Z\"}},\"amount\":0.02993184}]',NULL,'Daily interest','2024-08-23 21:00:00','INTEREST','2024-08-23 21:00:00','2024-08-23 21:00:00',NULL,NULL),(120,1,2,'[{\"category\":{\"id\":4,\"genre\":\"OUTCOME\",\"userId\":1,\"name\":\"Divertissement\",\"type\":\"ENTERTAINMENT\",\"imagePath\":\"1-Billy/categories/entertainment.png\",\"creationDate\":\"2024-07-01T12:29:31.000Z\",\"modificationDate\":\"2024-07-01T12:29:31.000Z\"},\"subCategory\":{\"id\":52,\"userId\":1,\"categoryId\":4,\"name\":\"Luvr.ai\",\"type\":\"luvr-ai\",\"imagePath\":\"1-Billy/subcategories/luvr-ai.png\",\"creationDate\":\"2024-07-01T13:39:48.000Z\",\"modificationDate\":\"2024-07-01T13:39:48.000Z\"},\"amount\":\"6.55\"}]','','','2024-08-24 08:00:00','EXPENSE','2024-08-24 08:00:00','2024-08-24 08:00:00',NULL,1),(121,1,2,'[{\"category\":{\"id\":4,\"genre\":\"OUTCOME\",\"userId\":1,\"name\":\"Divertissement\",\"type\":\"ENTERTAINMENT\",\"imagePath\":\"1-Billy/categories/entertainment.png\",\"creationDate\":\"2024-07-01T12:29:31.000Z\",\"modificationDate\":\"2024-07-01T12:29:31.000Z\"},\"subCategory\":{\"id\":44,\"userId\":1,\"categoryId\":4,\"name\":\"Discord\",\"type\":\"discord\",\"imagePath\":\"1-Billy/subcategories/discord.png\",\"creationDate\":\"2024-07-01T13:29:19.000Z\",\"modificationDate\":\"2024-07-01T13:29:19.000Z\"},\"amount\":\"9.99\"}]','','Rod48','2024-08-24 08:00:00','EXPENSE','2024-08-24 08:00:00','2024-08-24 08:00:00',NULL,1),(122,1,11,'[{\"category\":{\"id\":12,\"genre\":\"INCOME\",\"userId\":1,\"name\":\"Revenus financier\",\"type\":\"FINANCIAL\",\"imagePath\":\"1-Billy/categories/financial.png\",\"creationDate\":\"2024-07-01T12:29:31.000Z\",\"modificationDate\":\"2024-07-01T12:29:31.000Z\"},\"subCategory\":{\"id\":33,\"userId\":1,\"categoryId\":12,\"name\":\"Revenues financiers\",\"type\":\"INCOME\",\"imagePath\":\"1-Billy/subcategories/financial.png\",\"creationDate\":\"2024-07-01T12:29:31.000Z\",\"modificationDate\":\"2024-07-01T12:29:31.000Z\",\"category\":{\"id\":12,\"genre\":\"INCOME\",\"userId\":1,\"name\":\"Revenus financier\",\"type\":\"FINANCIAL\",\"imagePath\":\"1-Billy/categories/financial.png\",\"creationDate\":\"2024-07-01T12:29:31.000Z\",\"modificationDate\":\"2024-07-01T12:29:31.000Z\"}},\"amount\":0.02993522}]',NULL,'Daily interest','2024-08-24 21:00:00','INTEREST','2024-08-24 21:00:00','2024-08-24 21:00:00',NULL,NULL),(123,1,11,'[{\"category\":{\"id\":12,\"genre\":\"INCOME\",\"userId\":1,\"name\":\"Revenus financier\",\"type\":\"FINANCIAL\",\"imagePath\":\"1-Billy/categories/financial.png\",\"creationDate\":\"2024-07-01T12:29:31.000Z\",\"modificationDate\":\"2024-07-01T12:29:31.000Z\"},\"subCategory\":{\"id\":33,\"userId\":1,\"categoryId\":12,\"name\":\"Revenues financiers\",\"type\":\"INCOME\",\"imagePath\":\"1-Billy/subcategories/financial.png\",\"creationDate\":\"2024-07-01T12:29:31.000Z\",\"modificationDate\":\"2024-07-01T12:29:31.000Z\",\"category\":{\"id\":12,\"genre\":\"INCOME\",\"userId\":1,\"name\":\"Revenus financier\",\"type\":\"FINANCIAL\",\"imagePath\":\"1-Billy/categories/financial.png\",\"creationDate\":\"2024-07-01T12:29:31.000Z\",\"modificationDate\":\"2024-07-01T12:29:31.000Z\"}},\"amount\":0.0299386}]',NULL,'Daily interest','2024-08-25 21:00:00','INTEREST','2024-08-25 21:00:00','2024-08-25 21:00:00',NULL,NULL),(124,1,2,'[{\"category\":{\"id\":7,\"genre\":\"OUTCOME\",\"userId\":1,\"name\":\"Santé/Sport\",\"type\":\"HEALTH\",\"imagePath\":\"1-Billy/categories/health.png\",\"creationDate\":\"2024-07-01T12:29:31.000Z\",\"modificationDate\":\"2024-07-01T12:29:31.000Z\"},\"subCategory\":{\"id\":25,\"userId\":1,\"categoryId\":7,\"name\":\"Santé\",\"type\":\"HEALTH\",\"imagePath\":\"1-Billy/subcategories/health.png\",\"creationDate\":\"2024-07-01T12:29:31.000Z\",\"modificationDate\":\"2024-07-01T12:29:31.000Z\"},\"amount\":\"2.18\"}]','','','2024-08-26 10:40:29','EXPENSE','2024-08-26 10:40:44','2024-08-26 10:40:44',NULL,NULL),(125,1,2,'[{\"category\":{\"id\":1,\"genre\":\"OUTCOME\",\"userId\":1,\"name\":\"Alimentations\",\"type\":\"FOOD\",\"imagePath\":\"1-Billy/categories/food.png\",\"creationDate\":\"2024-07-01T12:29:31.000Z\",\"modificationDate\":\"2024-07-01T12:29:31.000Z\"},\"subCategory\":{\"id\":1,\"userId\":1,\"categoryId\":1,\"name\":\"Alimentation\",\"type\":\"FOOD\",\"imagePath\":\"1-Billy/subcategories/food.png\",\"creationDate\":\"2024-07-01T12:29:31.000Z\",\"modificationDate\":\"2024-07-01T12:29:31.000Z\"},\"amount\":\"8.30\"}]','','','2024-08-26 10:48:41','EXPENSE','2024-08-26 10:48:51','2024-08-26 10:48:51',NULL,NULL),(126,1,11,'[{\"category\":{\"id\":12,\"genre\":\"INCOME\",\"userId\":1,\"name\":\"Revenus financier\",\"type\":\"FINANCIAL\",\"imagePath\":\"1-Billy/categories/financial.png\",\"creationDate\":\"2024-07-01T12:29:31.000Z\",\"modificationDate\":\"2024-07-01T12:29:31.000Z\"},\"subCategory\":{\"id\":33,\"userId\":1,\"categoryId\":12,\"name\":\"Revenues financiers\",\"type\":\"INCOME\",\"imagePath\":\"1-Billy/subcategories/financial.png\",\"creationDate\":\"2024-07-01T12:29:31.000Z\",\"modificationDate\":\"2024-07-01T12:29:31.000Z\",\"category\":{\"id\":12,\"genre\":\"INCOME\",\"userId\":1,\"name\":\"Revenus financier\",\"type\":\"FINANCIAL\",\"imagePath\":\"1-Billy/categories/financial.png\",\"creationDate\":\"2024-07-01T12:29:31.000Z\",\"modificationDate\":\"2024-07-01T12:29:31.000Z\"}},\"amount\":0.03388462}]',NULL,'Daily interest','2024-08-26 21:00:00','INTEREST','2024-08-26 21:00:00','2024-08-26 21:00:00',NULL,NULL),(127,1,2,'[{\"category\":{\"id\":1,\"genre\":\"OUTCOME\",\"userId\":1,\"name\":\"Alimentations\",\"type\":\"FOOD\",\"imagePath\":\"1-Billy/categories/food.png\",\"creationDate\":\"2024-07-01T12:29:31.000Z\",\"modificationDate\":\"2024-07-01T12:29:31.000Z\"},\"subCategory\":{\"id\":1,\"userId\":1,\"categoryId\":1,\"name\":\"Alimentation\",\"type\":\"FOOD\",\"imagePath\":\"1-Billy/subcategories/food.png\",\"creationDate\":\"2024-07-01T12:29:31.000Z\",\"modificationDate\":\"2024-07-01T12:29:31.000Z\"},\"amount\":\"9.40\"}]','','','2024-08-27 11:33:25','EXPENSE','2024-08-27 11:33:34','2024-08-27 11:33:34',NULL,NULL),(128,1,11,'[{\"category\":{\"id\":12,\"genre\":\"INCOME\",\"userId\":1,\"name\":\"Revenus financier\",\"type\":\"FINANCIAL\",\"imagePath\":\"1-Billy/categories/financial.png\",\"creationDate\":\"2024-07-01T12:29:31.000Z\",\"modificationDate\":\"2024-07-01T12:29:31.000Z\"},\"subCategory\":{\"id\":33,\"userId\":1,\"categoryId\":12,\"name\":\"Revenues financiers\",\"type\":\"INCOME\",\"imagePath\":\"1-Billy/subcategories/financial.png\",\"creationDate\":\"2024-07-01T12:29:31.000Z\",\"modificationDate\":\"2024-07-01T12:29:31.000Z\",\"category\":{\"id\":12,\"genre\":\"INCOME\",\"userId\":1,\"name\":\"Revenus financier\",\"type\":\"FINANCIAL\",\"imagePath\":\"1-Billy/categories/financial.png\",\"creationDate\":\"2024-07-01T12:29:31.000Z\",\"modificationDate\":\"2024-07-01T12:29:31.000Z\"}},\"amount\":0.03388845}]',NULL,'Daily interest','2024-08-27 21:00:00','INTEREST','2024-08-27 21:00:00','2024-08-27 21:00:00',NULL,NULL),(129,1,2,'[{\"category\":{\"id\":5,\"genre\":\"OUTCOME\",\"userId\":1,\"name\":\"Maison\",\"type\":\"HOME\",\"imagePath\":\"1-Billy/categories/home.png\",\"creationDate\":\"2024-07-01T12:29:31.000Z\",\"modificationDate\":\"2024-07-01T12:29:31.000Z\"},\"subCategory\":{\"id\":21,\"userId\":1,\"categoryId\":5,\"name\":\"Facture téléphonique\",\"type\":\"PHONEBILL\",\"imagePath\":\"1-Billy/subcategories/phonebill.png\",\"creationDate\":\"2024-07-01T12:29:31.000Z\",\"modificationDate\":\"2024-07-01T12:29:31.000Z\"},\"amount\":\"31.99\"}]','','Tel portable','2024-08-28 08:00:00','EXPENSE','2024-08-28 08:00:00','2024-08-28 08:00:00',NULL,1),(130,1,11,'[{\"category\":{\"id\":12,\"genre\":\"INCOME\",\"userId\":1,\"name\":\"Revenus financier\",\"type\":\"FINANCIAL\",\"imagePath\":\"1-Billy/categories/financial.png\",\"creationDate\":\"2024-07-01T12:29:31.000Z\",\"modificationDate\":\"2024-07-01T12:29:31.000Z\"},\"subCategory\":{\"id\":33,\"userId\":1,\"categoryId\":12,\"name\":\"Revenues financiers\",\"type\":\"INCOME\",\"imagePath\":\"1-Billy/subcategories/financial.png\",\"creationDate\":\"2024-07-01T12:29:31.000Z\",\"modificationDate\":\"2024-07-01T12:29:31.000Z\",\"category\":{\"id\":12,\"genre\":\"INCOME\",\"userId\":1,\"name\":\"Revenus financier\",\"type\":\"FINANCIAL\",\"imagePath\":\"1-Billy/categories/financial.png\",\"creationDate\":\"2024-07-01T12:29:31.000Z\",\"modificationDate\":\"2024-07-01T12:29:31.000Z\"}},\"amount\":0.03389228}]',NULL,'Daily interest','2024-08-28 21:00:00','INTEREST','2024-08-28 21:00:00','2024-08-28 21:00:00',NULL,NULL),(131,1,2,'[{\"category\":{\"id\":7,\"genre\":\"OUTCOME\",\"userId\":1,\"name\":\"Santé/Sport\",\"type\":\"HEALTH\",\"imagePath\":\"1-Billy/categories/health.png\",\"creationDate\":\"2024-07-01T12:29:31.000Z\",\"modificationDate\":\"2024-07-01T12:29:31.000Z\"},\"subCategory\":{\"id\":25,\"userId\":1,\"categoryId\":7,\"name\":\"Santé\",\"type\":\"HEALTH\",\"imagePath\":\"1-Billy/subcategories/health.png\",\"creationDate\":\"2024-07-01T12:29:31.000Z\",\"modificationDate\":\"2024-07-01T12:29:31.000Z\"},\"amount\":\"11.90\"}]','','','2024-08-28 13:30:00','EXPENSE','2024-08-29 06:02:07','2024-08-29 06:02:07',NULL,NULL),(132,1,2,'[{\"category\":{\"id\":1,\"genre\":\"OUTCOME\",\"userId\":1,\"name\":\"Alimentations\",\"type\":\"FOOD\",\"imagePath\":\"1-Billy/categories/food.png\",\"creationDate\":\"2024-07-01T12:29:31.000Z\",\"modificationDate\":\"2024-07-01T12:29:31.000Z\"},\"subCategory\":{\"id\":1,\"userId\":1,\"categoryId\":1,\"name\":\"Alimentation\",\"type\":\"FOOD\",\"imagePath\":\"1-Billy/subcategories/food.png\",\"creationDate\":\"2024-07-01T12:29:31.000Z\",\"modificationDate\":\"2024-07-01T12:29:31.000Z\"},\"amount\":\"9.40\"}]','','','2024-08-29 10:46:59','EXPENSE','2024-08-29 10:47:08','2024-08-29 10:47:08',NULL,NULL),(133,1,2,'[{\"category\":{\"id\":4,\"genre\":\"OUTCOME\",\"userId\":1,\"name\":\"Divertissement\",\"type\":\"ENTERTAINMENT\",\"imagePath\":\"1-Billy/categories/entertainment.png\",\"creationDate\":\"2024-07-01T12:29:31.000Z\",\"modificationDate\":\"2024-07-01T12:29:31.000Z\"},\"subCategory\":{\"id\":56,\"userId\":1,\"categoryId\":4,\"name\":\"OnlyFans\",\"type\":\"onlyfans\",\"imagePath\":\"1-Billy/subcategories/onlyfans.png\",\"creationDate\":\"2024-08-23T16:56:43.000Z\",\"modificationDate\":\"2024-08-23T16:56:43.000Z\"},\"amount\":\"21.62\"}]','','','2024-08-26 16:00:00','EXPENSE','2024-08-29 16:27:40','2024-08-29 16:27:40',NULL,NULL),(134,1,11,'[{\"category\":{\"id\":12,\"genre\":\"INCOME\",\"userId\":1,\"name\":\"Revenus financier\",\"type\":\"FINANCIAL\",\"imagePath\":\"1-Billy/categories/financial.png\",\"creationDate\":\"2024-07-01T12:29:31.000Z\",\"modificationDate\":\"2024-07-01T12:29:31.000Z\"},\"subCategory\":{\"id\":33,\"userId\":1,\"categoryId\":12,\"name\":\"Revenues financiers\",\"type\":\"INCOME\",\"imagePath\":\"1-Billy/subcategories/financial.png\",\"creationDate\":\"2024-07-01T12:29:31.000Z\",\"modificationDate\":\"2024-07-01T12:29:31.000Z\",\"category\":{\"id\":12,\"genre\":\"INCOME\",\"userId\":1,\"name\":\"Revenus financier\",\"type\":\"FINANCIAL\",\"imagePath\":\"1-Billy/categories/financial.png\",\"creationDate\":\"2024-07-01T12:29:31.000Z\",\"modificationDate\":\"2024-07-01T12:29:31.000Z\"}},\"amount\":0.033896}]',NULL,'Daily interest','2024-08-29 21:00:00','INTEREST','2024-08-29 21:00:00','2024-08-29 21:00:00',NULL,NULL),(135,1,2,'[{\"category\":{\"id\":1,\"genre\":\"OUTCOME\",\"userId\":1,\"name\":\"Alimentations\",\"type\":\"FOOD\",\"imagePath\":\"1-Billy/categories/food.png\",\"creationDate\":\"2024-07-01T12:29:31.000Z\",\"modificationDate\":\"2024-07-01T12:29:31.000Z\"},\"subCategory\":{\"id\":1,\"userId\":1,\"categoryId\":1,\"name\":\"Alimentation\",\"type\":\"FOOD\",\"imagePath\":\"1-Billy/subcategories/food.png\",\"creationDate\":\"2024-07-01T12:29:31.000Z\",\"modificationDate\":\"2024-07-01T12:29:31.000Z\"},\"amount\":\"8.30\"}]','','','2024-08-30 10:45:00','EXPENSE','2024-08-30 12:33:08','2024-08-30 12:33:08',NULL,NULL),(136,1,11,'[{\"category\":{\"id\":12,\"genre\":\"INCOME\",\"userId\":1,\"name\":\"Revenus financier\",\"type\":\"FINANCIAL\",\"imagePath\":\"1-Billy/categories/financial.png\",\"creationDate\":\"2024-07-01T12:29:31.000Z\",\"modificationDate\":\"2024-07-01T12:29:31.000Z\"},\"subCategory\":{\"id\":33,\"userId\":1,\"categoryId\":12,\"name\":\"Revenues financiers\",\"type\":\"INCOME\",\"imagePath\":\"1-Billy/subcategories/financial.png\",\"creationDate\":\"2024-07-01T12:29:31.000Z\",\"modificationDate\":\"2024-07-01T12:29:31.000Z\",\"category\":{\"id\":12,\"genre\":\"INCOME\",\"userId\":1,\"name\":\"Revenus financier\",\"type\":\"FINANCIAL\",\"imagePath\":\"1-Billy/categories/financial.png\",\"creationDate\":\"2024-07-01T12:29:31.000Z\",\"modificationDate\":\"2024-07-01T12:29:31.000Z\"}},\"amount\":0.03389983}]',NULL,'Daily interest','2024-08-30 21:00:00','INTEREST','2024-08-30 21:00:00','2024-08-30 21:00:00',NULL,NULL),(137,1,11,'[{\"category\":{\"id\":12,\"genre\":\"INCOME\",\"userId\":1,\"name\":\"Revenus financier\",\"type\":\"FINANCIAL\",\"imagePath\":\"1-Billy/categories/financial.png\",\"creationDate\":\"2024-07-01T12:29:31.000Z\",\"modificationDate\":\"2024-07-01T12:29:31.000Z\"},\"subCategory\":{\"id\":33,\"userId\":1,\"categoryId\":12,\"name\":\"Revenues financiers\",\"type\":\"INCOME\",\"imagePath\":\"1-Billy/subcategories/financial.png\",\"creationDate\":\"2024-07-01T12:29:31.000Z\",\"modificationDate\":\"2024-07-01T12:29:31.000Z\",\"category\":{\"id\":12,\"genre\":\"INCOME\",\"userId\":1,\"name\":\"Revenus financier\",\"type\":\"FINANCIAL\",\"imagePath\":\"1-Billy/categories/financial.png\",\"creationDate\":\"2024-07-01T12:29:31.000Z\",\"modificationDate\":\"2024-07-01T12:29:31.000Z\"}},\"amount\":0.03390366}]',NULL,'Daily interest','2024-08-31 21:00:00','INTEREST','2024-08-31 21:00:00','2024-08-31 21:00:00',NULL,NULL),(138,1,2,'[{\"category\":{\"id\":13,\"genre\":\"INCOME\",\"userId\":1,\"name\":\"Revenus\",\"type\":\"INCOME\",\"imagePath\":\"1-Billy/categories/income.png\",\"creationDate\":\"2024-07-01T12:29:31.000Z\",\"modificationDate\":\"2024-07-01T12:29:31.000Z\"},\"subCategory\":{\"id\":34,\"userId\":1,\"categoryId\":13,\"name\":\"Salaire\",\"type\":\"SALARY\",\"imagePath\":\"1-Billy/subcategories/salary.png\",\"creationDate\":\"2024-07-01T12:29:31.000Z\",\"modificationDate\":\"2024-07-01T12:29:31.000Z\"},\"amount\":\"1854.27\"}]','','','2024-09-01 08:00:00','INCOME','2024-09-01 08:00:00','2024-09-01 08:00:00',NULL,1),(139,1,11,'[{\"category\":{\"id\":12,\"genre\":\"INCOME\",\"userId\":1,\"name\":\"Revenus financier\",\"type\":\"FINANCIAL\",\"imagePath\":\"1-Billy/categories/financial.png\",\"creationDate\":\"2024-07-01T12:29:31.000Z\",\"modificationDate\":\"2024-07-01T12:29:31.000Z\"},\"subCategory\":{\"id\":33,\"userId\":1,\"categoryId\":12,\"name\":\"Revenues financiers\",\"type\":\"INCOME\",\"imagePath\":\"1-Billy/subcategories/financial.png\",\"creationDate\":\"2024-07-01T12:29:31.000Z\",\"modificationDate\":\"2024-07-01T12:29:31.000Z\",\"category\":{\"id\":12,\"genre\":\"INCOME\",\"userId\":1,\"name\":\"Revenus financier\",\"type\":\"FINANCIAL\",\"imagePath\":\"1-Billy/categories/financial.png\",\"creationDate\":\"2024-07-01T12:29:31.000Z\",\"modificationDate\":\"2024-07-01T12:29:31.000Z\"}},\"amount\":0.03390749}]',NULL,'Daily interest','2024-09-01 21:00:00','INTEREST','2024-09-01 21:00:00','2024-09-01 21:00:00',NULL,NULL),(140,1,2,'[{\"category\":{\"id\":4,\"genre\":\"OUTCOME\",\"userId\":1,\"name\":\"Divertissement\",\"type\":\"ENTERTAINMENT\",\"imagePath\":\"1-Billy/categories/entertainment.png\",\"creationDate\":\"2024-07-01T12:29:31.000Z\",\"modificationDate\":\"2024-07-01T12:29:31.000Z\"},\"subCategory\":{\"id\":53,\"userId\":1,\"categoryId\":4,\"name\":\"Spotify\",\"type\":\"spotify\",\"imagePath\":\"1-Billy/subcategories/spotify.webp\",\"creationDate\":\"2024-07-01T17:13:00.000Z\",\"modificationDate\":\"2024-07-01T17:13:43.000Z\"},\"amount\":\"11.12\"}]','','','2024-09-02 08:00:00','EXPENSE','2024-09-02 08:00:00','2024-09-02 08:00:00',NULL,1),(141,1,11,'[{\"category\":{\"id\":12,\"genre\":\"INCOME\",\"userId\":1,\"name\":\"Revenus financier\",\"type\":\"FINANCIAL\",\"imagePath\":\"1-Billy/categories/financial.png\",\"creationDate\":\"2024-07-01T12:29:31.000Z\",\"modificationDate\":\"2024-07-01T12:29:31.000Z\"},\"subCategory\":{\"id\":33,\"userId\":1,\"categoryId\":12,\"name\":\"Revenues financiers\",\"type\":\"INCOME\",\"imagePath\":\"1-Billy/subcategories/financial.png\",\"creationDate\":\"2024-07-01T12:29:31.000Z\",\"modificationDate\":\"2024-07-01T12:29:31.000Z\",\"category\":{\"id\":12,\"genre\":\"INCOME\",\"userId\":1,\"name\":\"Revenus financier\",\"type\":\"FINANCIAL\",\"imagePath\":\"1-Billy/categories/financial.png\",\"creationDate\":\"2024-07-01T12:29:31.000Z\",\"modificationDate\":\"2024-07-01T12:29:31.000Z\"}},\"amount\":0.03785396}]',NULL,'Daily interest','2024-09-02 21:00:00','INTEREST','2024-09-02 21:00:00','2024-09-02 21:00:00',NULL,NULL),(142,1,2,'[{\"category\":{\"id\":1,\"genre\":\"OUTCOME\",\"userId\":1,\"name\":\"Alimentations\",\"type\":\"FOOD\",\"imagePath\":\"1-Billy/categories/food.png\",\"creationDate\":\"2024-07-01T12:29:31.000Z\",\"modificationDate\":\"2024-07-01T12:29:31.000Z\"},\"subCategory\":{\"id\":1,\"userId\":1,\"categoryId\":1,\"name\":\"Alimentation\",\"type\":\"FOOD\",\"imagePath\":\"1-Billy/subcategories/food.png\",\"creationDate\":\"2024-07-01T12:29:31.000Z\",\"modificationDate\":\"2024-07-01T12:29:31.000Z\"},\"amount\":\"9.40\"}]','','','2024-09-02 10:45:00','EXPENSE','2024-09-03 06:57:21','2024-09-03 06:57:21',NULL,NULL),(143,1,2,'[{\"category\":{\"id\":10,\"genre\":\"OUTCOME\",\"userId\":1,\"name\":\"Autre (Dépenses)\",\"type\":\"OTHER\",\"imagePath\":\"1-Billy/categories/other.png\",\"creationDate\":\"2024-07-01T12:29:31.000Z\",\"modificationDate\":\"2024-07-01T12:29:31.000Z\"},\"subCategory\":{\"id\":46,\"userId\":1,\"categoryId\":10,\"name\":\"Banque\",\"type\":\"banque\",\"imagePath\":\"1-Billy/subcategories/banque.png\",\"creationDate\":\"2024-07-01T13:32:11.000Z\",\"modificationDate\":\"2024-07-01T13:32:11.000Z\"},\"amount\":\"4.28\"}]','','','2024-09-03 08:00:00','EXPENSE','2024-09-03 08:00:00','2024-09-03 08:00:00',NULL,1),(144,1,2,'[{\"category\":{\"id\":3,\"genre\":\"OUTCOME\",\"userId\":1,\"name\":\"Transport\",\"type\":\"TRANSPORT\",\"imagePath\":\"1-Billy/categories/transport.png\",\"creationDate\":\"2024-07-01T12:29:31.000Z\",\"modificationDate\":\"2024-07-01T12:29:31.000Z\"},\"subCategory\":{\"id\":10,\"userId\":1,\"categoryId\":3,\"name\":\"Transport\",\"type\":\"TRANSPORT\",\"imagePath\":\"1-Billy/subcategories/transport.png\",\"creationDate\":\"2024-07-01T12:29:31.000Z\",\"modificationDate\":\"2024-07-01T12:29:31.000Z\"},\"amount\":\"86.40\"}]','','Navigo','2024-09-03 08:00:00','EXPENSE','2024-09-03 08:00:00','2024-09-03 08:00:00',NULL,1),(145,1,2,'[{\"category\":{\"id\":14,\"genre\":\"OUTCOME\",\"userId\":1,\"name\":\"Patreon\",\"type\":\"patreon\",\"imagePath\":\"1-Billy/categories/patreon.png\",\"creationDate\":\"2024-07-01T13:00:26.000Z\",\"modificationDate\":\"2024-07-01T13:00:26.000Z\"},\"subCategory\":{\"id\":38,\"userId\":1,\"categoryId\":14,\"name\":\"Recifense Cheers\",\"type\":\"recifense\",\"imagePath\":\"1-Billy/subcategories/recifense.png\",\"creationDate\":\"2024-07-01T13:07:07.000Z\",\"modificationDate\":\"2024-07-01T13:07:07.000Z\"},\"amount\":\"1.20\"}]','','','2024-09-03 08:00:00','EXPENSE','2024-09-03 08:00:00','2024-09-03 08:00:00',NULL,1),(146,1,2,'[{\"category\":{\"id\":1,\"genre\":\"OUTCOME\",\"userId\":1,\"name\":\"Alimentations\",\"type\":\"FOOD\",\"imagePath\":\"1-Billy/categories/food.png\",\"creationDate\":\"2024-07-01T12:29:31.000Z\",\"modificationDate\":\"2024-07-01T12:29:31.000Z\"},\"subCategory\":{\"id\":1,\"userId\":1,\"categoryId\":1,\"name\":\"Alimentation\",\"type\":\"FOOD\",\"imagePath\":\"1-Billy/subcategories/food.png\",\"creationDate\":\"2024-07-01T12:29:31.000Z\",\"modificationDate\":\"2024-07-01T12:29:31.000Z\"},\"amount\":\"8.30\"}]','','','2024-09-03 10:45:00','EXPENSE','2024-09-03 13:55:35','2024-09-03 13:55:35',NULL,NULL),(147,1,11,'[{\"category\":{\"id\":12,\"genre\":\"INCOME\",\"userId\":1,\"name\":\"Revenus financier\",\"type\":\"FINANCIAL\",\"imagePath\":\"1-Billy/categories/financial.png\",\"creationDate\":\"2024-07-01T12:29:31.000Z\",\"modificationDate\":\"2024-07-01T12:29:31.000Z\"},\"subCategory\":{\"id\":33,\"userId\":1,\"categoryId\":12,\"name\":\"Revenues financiers\",\"type\":\"INCOME\",\"imagePath\":\"1-Billy/subcategories/financial.png\",\"creationDate\":\"2024-07-01T12:29:31.000Z\",\"modificationDate\":\"2024-07-01T12:29:31.000Z\",\"category\":{\"id\":12,\"genre\":\"INCOME\",\"userId\":1,\"name\":\"Revenus financier\",\"type\":\"FINANCIAL\",\"imagePath\":\"1-Billy/categories/financial.png\",\"creationDate\":\"2024-07-01T12:29:31.000Z\",\"modificationDate\":\"2024-07-01T12:29:31.000Z\"}},\"amount\":0.03785824}]',NULL,'Daily interest','2024-09-03 21:00:00','INTEREST','2024-09-03 21:00:00','2024-09-03 21:00:00',NULL,NULL),(148,1,2,'[{\"category\":{\"id\":4,\"genre\":\"OUTCOME\",\"userId\":1,\"name\":\"Divertissement\",\"type\":\"ENTERTAINMENT\",\"imagePath\":\"1-Billy/categories/entertainment.png\",\"creationDate\":\"2024-07-01T12:29:31.000Z\",\"modificationDate\":\"2024-07-01T12:29:31.000Z\"},\"subCategory\":{\"id\":39,\"userId\":1,\"categoryId\":4,\"name\":\"Nikke\",\"type\":\"nikke\",\"imagePath\":\"1-Billy/subcategories/nikke.jpg\",\"creationDate\":\"2024-07-01T13:24:37.000Z\",\"modificationDate\":\"2024-07-01T13:24:37.000Z\"},\"amount\":\"11.99\"}]','','','2024-09-03 22:20:46','EXPENSE','2024-09-03 22:20:54','2024-09-03 22:20:54',NULL,NULL),(149,1,11,'[{\"category\":{\"id\":12,\"genre\":\"INCOME\",\"userId\":1,\"name\":\"Revenus financier\",\"type\":\"FINANCIAL\",\"imagePath\":\"1-Billy/categories/financial.png\",\"creationDate\":\"2024-07-01T12:29:31.000Z\",\"modificationDate\":\"2024-07-01T12:29:31.000Z\"},\"subCategory\":{\"id\":33,\"userId\":1,\"categoryId\":12,\"name\":\"Revenues financiers\",\"type\":\"INCOME\",\"imagePath\":\"1-Billy/subcategories/financial.png\",\"creationDate\":\"2024-07-01T12:29:31.000Z\",\"modificationDate\":\"2024-07-01T12:29:31.000Z\",\"category\":{\"id\":12,\"genre\":\"INCOME\",\"userId\":1,\"name\":\"Revenus financier\",\"type\":\"FINANCIAL\",\"imagePath\":\"1-Billy/categories/financial.png\",\"creationDate\":\"2024-07-01T12:29:31.000Z\",\"modificationDate\":\"2024-07-01T12:29:31.000Z\"}},\"amount\":0.03786252}]',NULL,'Daily interest','2024-09-04 21:00:00','INTEREST','2024-09-04 21:00:00','2024-09-04 21:00:00',NULL,NULL),(150,1,2,'[{\"category\":{\"id\":1,\"genre\":\"OUTCOME\",\"userId\":1,\"name\":\"Alimentations\",\"type\":\"FOOD\",\"imagePath\":\"1-Billy/categories/food.png\",\"creationDate\":\"2024-07-01T12:29:31.000Z\",\"modificationDate\":\"2024-07-01T12:29:31.000Z\"},\"subCategory\":{\"id\":1,\"userId\":1,\"categoryId\":1,\"name\":\"Alimentation\",\"type\":\"FOOD\",\"imagePath\":\"1-Billy/subcategories/food.png\",\"creationDate\":\"2024-07-01T12:29:31.000Z\",\"modificationDate\":\"2024-07-01T12:29:31.000Z\"},\"amount\":\"9.40\"}]','','','2024-09-04 10:45:00','EXPENSE','2024-09-05 07:07:18','2024-09-05 07:07:18',NULL,NULL),(151,1,2,'[{\"category\":{\"id\":4,\"genre\":\"OUTCOME\",\"userId\":1,\"name\":\"Divertissement\",\"type\":\"ENTERTAINMENT\",\"imagePath\":\"1-Billy/categories/entertainment.png\",\"creationDate\":\"2024-07-01T12:29:31.000Z\",\"modificationDate\":\"2024-07-01T12:29:31.000Z\"},\"subCategory\":{\"id\":39,\"userId\":1,\"categoryId\":4,\"name\":\"Nikke\",\"type\":\"nikke\",\"imagePath\":\"1-Billy/subcategories/nikke.jpg\",\"creationDate\":\"2024-07-01T13:24:37.000Z\",\"modificationDate\":\"2024-07-01T13:24:37.000Z\"},\"amount\":\"9.43\"}]','','','2024-09-04 22:20:00','EXPENSE','2024-09-05 07:08:35','2024-09-05 07:08:35',NULL,NULL),(152,1,2,'[{\"category\":{\"id\":5,\"genre\":\"OUTCOME\",\"userId\":1,\"name\":\"Maison\",\"type\":\"HOME\",\"imagePath\":\"1-Billy/categories/home.png\",\"creationDate\":\"2024-07-01T12:29:31.000Z\",\"modificationDate\":\"2024-07-01T12:29:31.000Z\"},\"subCategory\":{\"id\":18,\"userId\":1,\"categoryId\":5,\"name\":\"Loyer\",\"type\":\"RENT\",\"imagePath\":\"1-Billy/subcategories/rent.png\",\"creationDate\":\"2024-07-01T12:29:31.000Z\",\"modificationDate\":\"2024-07-01T12:29:31.000Z\"},\"amount\":\"300\"}]','','Famille','2024-09-05 08:00:00','EXPENSE','2024-09-05 08:00:00','2024-09-05 08:00:00',NULL,1),(153,1,2,'[{\"category\":{\"id\":10,\"genre\":\"OUTCOME\",\"userId\":1,\"name\":\"Autre (Dépenses)\",\"type\":\"OTHER\",\"imagePath\":\"1-Billy/categories/other.png\",\"creationDate\":\"2024-07-01T12:29:31.000Z\",\"modificationDate\":\"2024-07-01T12:29:31.000Z\"},\"subCategory\":{\"id\":47,\"userId\":1,\"categoryId\":10,\"name\":\"Coalition plus\",\"type\":\"coalition\",\"imagePath\":\"1-Billy/subcategories/coalition.png\",\"creationDate\":\"2024-07-01T13:32:46.000Z\",\"modificationDate\":\"2024-07-01T13:32:46.000Z\"},\"amount\":\"10\"}]','','','2024-09-05 08:00:00','EXPENSE','2024-09-05 08:00:00','2024-09-05 08:00:00',NULL,1),(154,1,2,'[{\"category\":{\"id\":4,\"genre\":\"OUTCOME\",\"userId\":1,\"name\":\"Divertissement\",\"type\":\"ENTERTAINMENT\",\"imagePath\":\"1-Billy/categories/entertainment.png\",\"creationDate\":\"2024-07-01T12:29:31.000Z\",\"modificationDate\":\"2024-07-01T12:29:31.000Z\"},\"subCategory\":{\"id\":48,\"userId\":1,\"categoryId\":4,\"name\":\"Sankaku\",\"type\":\"sankaku\",\"imagePath\":\"1-Billy/subcategories/sankaku.png\",\"creationDate\":\"2024-07-01T13:33:03.000Z\",\"modificationDate\":\"2024-07-01T13:33:03.000Z\"},\"amount\":\"9.99\"}]','','','2024-09-05 08:00:00','EXPENSE','2024-09-05 08:00:00','2024-09-05 08:00:00',NULL,1),(155,1,11,'[{\"category\":{\"id\":12,\"genre\":\"INCOME\",\"userId\":1,\"name\":\"Revenus financier\",\"type\":\"FINANCIAL\",\"imagePath\":\"1-Billy/categories/financial.png\",\"creationDate\":\"2024-07-01T12:29:31.000Z\",\"modificationDate\":\"2024-07-01T12:29:31.000Z\"},\"subCategory\":{\"id\":33,\"userId\":1,\"categoryId\":12,\"name\":\"Revenues financiers\",\"type\":\"INCOME\",\"imagePath\":\"1-Billy/subcategories/financial.png\",\"creationDate\":\"2024-07-01T12:29:31.000Z\",\"modificationDate\":\"2024-07-01T12:29:31.000Z\",\"category\":{\"id\":12,\"genre\":\"INCOME\",\"userId\":1,\"name\":\"Revenus financier\",\"type\":\"FINANCIAL\",\"imagePath\":\"1-Billy/categories/financial.png\",\"creationDate\":\"2024-07-01T12:29:31.000Z\",\"modificationDate\":\"2024-07-01T12:29:31.000Z\"}},\"amount\":0.0378668}]',NULL,'Daily interest','2024-09-05 21:00:00','INTEREST','2024-09-05 21:00:00','2024-09-05 21:00:00',NULL,NULL),(156,1,2,'[{\"category\":{\"id\":4,\"genre\":\"OUTCOME\",\"userId\":1,\"name\":\"Divertissement\",\"type\":\"ENTERTAINMENT\",\"imagePath\":\"1-Billy/categories/entertainment.png\",\"creationDate\":\"2024-07-01T12:29:31.000Z\",\"modificationDate\":\"2024-07-01T12:29:31.000Z\"},\"subCategory\":{\"id\":40,\"userId\":1,\"categoryId\":4,\"name\":\"Steam\",\"type\":\"steam\",\"imagePath\":\"1-Billy/subcategories/steam.png\",\"creationDate\":\"2024-07-01T13:27:40.000Z\",\"modificationDate\":\"2024-07-01T17:12:32.000Z\"},\"amount\":\"7.99\"}]','','','2024-09-06 08:00:00','EXPENSE','2024-09-06 08:00:00','2024-09-06 08:00:00',NULL,1),(157,2,13,'[{\"category\":{\"id\":28,\"genre\":\"INCOME\",\"userId\":2,\"name\":\"Revenus\",\"type\":\"INCOME\",\"imagePath\":\"2-vilayhongs/categories/income.png\",\"creationDate\":\"2024-09-03T17:08:26.000Z\",\"modificationDate\":\"2024-09-03T17:08:26.000Z\"},\"subCategory\":{\"id\":90,\"userId\":2,\"categoryId\":28,\"name\":\"Salaire\",\"type\":\"SALARY\",\"imagePath\":\"2-vilayhongs/subcategories/salary.png\",\"creationDate\":\"2024-09-03T17:08:26.000Z\",\"modificationDate\":\"2024-09-03T17:08:26.000Z\"},\"amount\":\"1016\"}]','','','2024-09-06 08:00:00','INCOME','2024-09-06 08:00:00','2024-09-06 08:00:00',NULL,1),(158,1,11,'[{\"category\":{\"id\":12,\"genre\":\"INCOME\",\"userId\":1,\"name\":\"Revenus financier\",\"type\":\"FINANCIAL\",\"imagePath\":\"1-Billy/categories/financial.png\",\"creationDate\":\"2024-07-01T12:29:31.000Z\",\"modificationDate\":\"2024-07-01T12:29:31.000Z\"},\"subCategory\":{\"id\":33,\"userId\":1,\"categoryId\":12,\"name\":\"Revenues financiers\",\"type\":\"INCOME\",\"imagePath\":\"1-Billy/subcategories/financial.png\",\"creationDate\":\"2024-07-01T12:29:31.000Z\",\"modificationDate\":\"2024-07-01T12:29:31.000Z\",\"category\":{\"id\":12,\"genre\":\"INCOME\",\"userId\":1,\"name\":\"Revenus financier\",\"type\":\"FINANCIAL\",\"imagePath\":\"1-Billy/categories/financial.png\",\"creationDate\":\"2024-07-01T12:29:31.000Z\",\"modificationDate\":\"2024-07-01T12:29:31.000Z\"}},\"amount\":0.03787108}]',NULL,'Daily interest','2024-09-06 21:00:00','INTEREST','2024-09-06 21:00:00','2024-09-06 21:00:00',NULL,NULL),(159,1,2,'[{\"category\":{\"id\":1,\"genre\":\"OUTCOME\",\"userId\":1,\"name\":\"Alimentations\",\"type\":\"FOOD\",\"imagePath\":\"1-Billy/categories/food.png\",\"creationDate\":\"2024-07-01T12:29:31.000Z\",\"modificationDate\":\"2024-07-01T12:29:31.000Z\"},\"subCategory\":{\"id\":1,\"userId\":1,\"categoryId\":1,\"name\":\"Alimentation\",\"type\":\"FOOD\",\"imagePath\":\"1-Billy/subcategories/food.png\",\"creationDate\":\"2024-07-01T12:29:31.000Z\",\"modificationDate\":\"2024-07-01T12:29:31.000Z\"},\"amount\":\"16.59\"}]','','','2024-09-05 10:30:00','EXPENSE','2024-09-07 19:51:02','2024-09-07 19:51:02',NULL,NULL),(160,1,2,'[{\"category\":{\"id\":4,\"genre\":\"OUTCOME\",\"userId\":1,\"name\":\"Divertissement\",\"type\":\"ENTERTAINMENT\",\"imagePath\":\"1-Billy/categories/entertainment.png\",\"creationDate\":\"2024-07-01T12:29:31.000Z\",\"modificationDate\":\"2024-07-01T12:29:31.000Z\"},\"subCategory\":{\"id\":39,\"userId\":1,\"categoryId\":4,\"name\":\"Nikke\",\"type\":\"nikke\",\"imagePath\":\"1-Billy/subcategories/nikke.jpg\",\"creationDate\":\"2024-07-01T13:24:37.000Z\",\"modificationDate\":\"2024-07-01T13:24:37.000Z\"},\"amount\":\"9.43\"}]','','','2024-09-07 19:51:29','EXPENSE','2024-09-07 19:52:07','2024-09-07 19:52:07',NULL,NULL),(161,1,11,'[{\"category\":{\"id\":12,\"genre\":\"INCOME\",\"userId\":1,\"name\":\"Revenus financier\",\"type\":\"FINANCIAL\",\"imagePath\":\"1-Billy/categories/financial.png\",\"creationDate\":\"2024-07-01T12:29:31.000Z\",\"modificationDate\":\"2024-07-01T12:29:31.000Z\"},\"subCategory\":{\"id\":33,\"userId\":1,\"categoryId\":12,\"name\":\"Revenues financiers\",\"type\":\"INCOME\",\"imagePath\":\"1-Billy/subcategories/financial.png\",\"creationDate\":\"2024-07-01T12:29:31.000Z\",\"modificationDate\":\"2024-07-01T12:29:31.000Z\",\"category\":{\"id\":12,\"genre\":\"INCOME\",\"userId\":1,\"name\":\"Revenus financier\",\"type\":\"FINANCIAL\",\"imagePath\":\"1-Billy/categories/financial.png\",\"creationDate\":\"2024-07-01T12:29:31.000Z\",\"modificationDate\":\"2024-07-01T12:29:31.000Z\"}},\"amount\":0.03787536}]',NULL,'Daily interest','2024-09-07 21:00:00','INTEREST','2024-09-07 21:00:00','2024-09-07 21:00:00',NULL,NULL),(162,1,11,'[{\"category\":{\"id\":12,\"genre\":\"INCOME\",\"userId\":1,\"name\":\"Revenus financier\",\"type\":\"FINANCIAL\",\"imagePath\":\"1-Billy/categories/financial.png\",\"creationDate\":\"2024-07-01T12:29:31.000Z\",\"modificationDate\":\"2024-07-01T12:29:31.000Z\"},\"subCategory\":{\"id\":33,\"userId\":1,\"categoryId\":12,\"name\":\"Revenues financiers\",\"type\":\"INCOME\",\"imagePath\":\"1-Billy/subcategories/financial.png\",\"creationDate\":\"2024-07-01T12:29:31.000Z\",\"modificationDate\":\"2024-07-01T12:29:31.000Z\",\"category\":{\"id\":12,\"genre\":\"INCOME\",\"userId\":1,\"name\":\"Revenus financier\",\"type\":\"FINANCIAL\",\"imagePath\":\"1-Billy/categories/financial.png\",\"creationDate\":\"2024-07-01T12:29:31.000Z\",\"modificationDate\":\"2024-07-01T12:29:31.000Z\"}},\"amount\":0.03787964}]',NULL,'Daily interest','2024-09-08 21:00:00','INTEREST','2024-09-08 21:00:00','2024-09-08 21:00:00',NULL,NULL),(163,1,2,'[{\"category\":{\"id\":1,\"genre\":\"OUTCOME\",\"userId\":1,\"name\":\"Alimentations\",\"type\":\"FOOD\",\"imagePath\":\"1-Billy/categories/food.png\",\"creationDate\":\"2024-07-01T12:29:31.000Z\",\"modificationDate\":\"2024-07-01T12:29:31.000Z\"},\"subCategory\":{\"id\":1,\"userId\":1,\"categoryId\":1,\"name\":\"Alimentation\",\"type\":\"FOOD\",\"imagePath\":\"1-Billy/subcategories/food.png\",\"creationDate\":\"2024-07-01T12:29:31.000Z\",\"modificationDate\":\"2024-07-01T12:29:31.000Z\"},\"amount\":\"9.40\"}]','','','2024-09-09 10:52:10','EXPENSE','2024-09-09 10:52:31','2024-09-09 10:52:31',NULL,NULL),(164,1,1,'[{\"category\":{\"id\":11,\"genre\":\"INCOME\",\"userId\":1,\"name\":\"Autre (Revenus)\",\"type\":\"OTHER_INCOME\",\"imagePath\":\"1-Billy/categories/other_income.png\",\"creationDate\":\"2024-07-01T12:29:31.000Z\",\"modificationDate\":\"2024-07-01T12:29:31.000Z\"},\"subCategory\":{\"id\":30,\"userId\":1,\"categoryId\":11,\"name\":\"Autre (Revenues)\",\"type\":\"OTHERS\",\"imagePath\":\"1-Billy/subcategories/other_income.png\",\"creationDate\":\"2024-07-01T12:29:31.000Z\",\"modificationDate\":\"2024-07-01T12:29:31.000Z\"},\"amount\":\"1.10\"}]','','Remboursement boulangerie','2024-09-09 10:52:33','INCOME','2024-09-09 10:53:11','2024-09-09 10:53:11',NULL,NULL),(165,1,11,'[{\"category\":{\"id\":12,\"genre\":\"INCOME\",\"userId\":1,\"name\":\"Revenus financier\",\"type\":\"FINANCIAL\",\"imagePath\":\"1-Billy/categories/financial.png\",\"creationDate\":\"2024-07-01T12:29:31.000Z\",\"modificationDate\":\"2024-07-01T12:29:31.000Z\"},\"subCategory\":{\"id\":33,\"userId\":1,\"categoryId\":12,\"name\":\"Revenues financiers\",\"type\":\"INCOME\",\"imagePath\":\"1-Billy/subcategories/financial.png\",\"creationDate\":\"2024-07-01T12:29:31.000Z\",\"modificationDate\":\"2024-07-01T12:29:31.000Z\",\"category\":{\"id\":12,\"genre\":\"INCOME\",\"userId\":1,\"name\":\"Revenus financier\",\"type\":\"FINANCIAL\",\"imagePath\":\"1-Billy/categories/financial.png\",\"creationDate\":\"2024-07-01T12:29:31.000Z\",\"modificationDate\":\"2024-07-01T12:29:31.000Z\"}},\"amount\":0.04182656}]',NULL,'Daily interest','2024-09-09 21:00:00','INTEREST','2024-09-09 21:00:00','2024-09-09 21:00:00',NULL,NULL),(166,1,11,'[{\"category\":{\"id\":12,\"genre\":\"INCOME\",\"userId\":1,\"name\":\"Revenus financier\",\"type\":\"FINANCIAL\",\"imagePath\":\"1-Billy/categories/financial.png\",\"creationDate\":\"2024-07-01T12:29:31.000Z\",\"modificationDate\":\"2024-07-01T12:29:31.000Z\"},\"subCategory\":{\"id\":33,\"userId\":1,\"categoryId\":12,\"name\":\"Revenues financiers\",\"type\":\"INCOME\",\"imagePath\":\"1-Billy/subcategories/financial.png\",\"creationDate\":\"2024-07-01T12:29:31.000Z\",\"modificationDate\":\"2024-07-01T12:29:31.000Z\",\"category\":{\"id\":12,\"genre\":\"INCOME\",\"userId\":1,\"name\":\"Revenus financier\",\"type\":\"FINANCIAL\",\"imagePath\":\"1-Billy/categories/financial.png\",\"creationDate\":\"2024-07-01T12:29:31.000Z\",\"modificationDate\":\"2024-07-01T12:29:31.000Z\"}},\"amount\":0.04183129}]',NULL,'Daily interest','2024-09-10 21:00:00','INTEREST','2024-09-10 21:00:00','2024-09-10 21:00:00',NULL,NULL),(167,1,2,'[{\"category\":{\"id\":1,\"genre\":\"OUTCOME\",\"userId\":1,\"name\":\"Alimentations\",\"type\":\"FOOD\",\"imagePath\":\"1-Billy/categories/food.png\",\"creationDate\":\"2024-07-01T12:29:31.000Z\",\"modificationDate\":\"2024-07-01T12:29:31.000Z\"},\"subCategory\":{\"id\":1,\"userId\":1,\"categoryId\":1,\"name\":\"Alimentation\",\"type\":\"FOOD\",\"imagePath\":\"1-Billy/subcategories/food.png\",\"creationDate\":\"2024-07-01T12:29:31.000Z\",\"modificationDate\":\"2024-07-01T12:29:31.000Z\"},\"amount\":\"9.40\"}]','','','2024-09-11 10:44:08','EXPENSE','2024-09-11 10:44:26','2024-09-11 10:44:26',NULL,NULL),(168,1,11,'[{\"category\":{\"id\":12,\"genre\":\"INCOME\",\"userId\":1,\"name\":\"Revenus financier\",\"type\":\"FINANCIAL\",\"imagePath\":\"1-Billy/categories/financial.png\",\"creationDate\":\"2024-07-01T12:29:31.000Z\",\"modificationDate\":\"2024-07-01T12:29:31.000Z\"},\"subCategory\":{\"id\":33,\"userId\":1,\"categoryId\":12,\"name\":\"Revenues financiers\",\"type\":\"INCOME\",\"imagePath\":\"1-Billy/subcategories/financial.png\",\"creationDate\":\"2024-07-01T12:29:31.000Z\",\"modificationDate\":\"2024-07-01T12:29:31.000Z\",\"category\":{\"id\":12,\"genre\":\"INCOME\",\"userId\":1,\"name\":\"Revenus financier\",\"type\":\"FINANCIAL\",\"imagePath\":\"1-Billy/categories/financial.png\",\"creationDate\":\"2024-07-01T12:29:31.000Z\",\"modificationDate\":\"2024-07-01T12:29:31.000Z\"}},\"amount\":0.04183602}]',NULL,'Daily interest','2024-09-11 21:00:00','INTEREST','2024-09-11 21:00:00','2024-09-11 21:00:00',NULL,NULL),(169,1,2,'[{\"category\":{\"id\":1,\"genre\":\"OUTCOME\",\"userId\":1,\"name\":\"Alimentations\",\"type\":\"FOOD\",\"imagePath\":\"1-Billy/categories/food.png\",\"creationDate\":\"2024-07-01T12:29:31.000Z\",\"modificationDate\":\"2024-07-01T12:29:31.000Z\"},\"subCategory\":{\"id\":1,\"userId\":1,\"categoryId\":1,\"name\":\"Alimentation\",\"type\":\"FOOD\",\"imagePath\":\"1-Billy/subcategories/food.png\",\"creationDate\":\"2024-07-01T12:29:31.000Z\",\"modificationDate\":\"2024-07-01T12:29:31.000Z\"},\"amount\":\"8.30\"}]','','','2024-09-12 10:51:13','EXPENSE','2024-09-12 10:51:24','2024-09-12 10:51:24',NULL,NULL),(170,1,11,'[{\"category\":{\"id\":12,\"genre\":\"INCOME\",\"userId\":1,\"name\":\"Revenus financier\",\"type\":\"FINANCIAL\",\"imagePath\":\"1-Billy/categories/financial.png\",\"creationDate\":\"2024-07-01T12:29:31.000Z\",\"modificationDate\":\"2024-07-01T12:29:31.000Z\"},\"subCategory\":{\"id\":33,\"userId\":1,\"categoryId\":12,\"name\":\"Revenues financiers\",\"type\":\"INCOME\",\"imagePath\":\"1-Billy/subcategories/financial.png\",\"creationDate\":\"2024-07-01T12:29:31.000Z\",\"modificationDate\":\"2024-07-01T12:29:31.000Z\",\"category\":{\"id\":12,\"genre\":\"INCOME\",\"userId\":1,\"name\":\"Revenus financier\",\"type\":\"FINANCIAL\",\"imagePath\":\"1-Billy/categories/financial.png\",\"creationDate\":\"2024-07-01T12:29:31.000Z\",\"modificationDate\":\"2024-07-01T12:29:31.000Z\"}},\"amount\":0.04184076}]',NULL,'Daily interest','2024-09-12 21:00:00','INTEREST','2024-09-12 21:00:00','2024-09-12 21:00:00',NULL,NULL),(171,1,2,'[{\"category\":{\"id\":1,\"genre\":\"OUTCOME\",\"userId\":1,\"name\":\"Alimentations\",\"type\":\"FOOD\",\"imagePath\":\"1-Billy/categories/food.png\",\"creationDate\":\"2024-07-01T12:29:31.000Z\",\"modificationDate\":\"2024-07-01T12:29:31.000Z\"},\"subCategory\":{\"id\":1,\"userId\":1,\"categoryId\":1,\"name\":\"Alimentation\",\"type\":\"FOOD\",\"imagePath\":\"1-Billy/subcategories/food.png\",\"creationDate\":\"2024-07-01T12:29:31.000Z\",\"modificationDate\":\"2024-07-01T12:29:31.000Z\"},\"amount\":\"9.40\"}]','','','2024-09-13 10:43:38','EXPENSE','2024-09-13 10:43:47','2024-09-13 10:43:47',NULL,NULL),(172,1,11,'[{\"category\":{\"id\":12,\"genre\":\"INCOME\",\"userId\":1,\"name\":\"Revenus financier\",\"type\":\"FINANCIAL\",\"imagePath\":\"1-Billy/categories/financial.png\",\"creationDate\":\"2024-07-01T12:29:31.000Z\",\"modificationDate\":\"2024-07-01T12:29:31.000Z\"},\"subCategory\":{\"id\":33,\"userId\":1,\"categoryId\":12,\"name\":\"Revenues financiers\",\"type\":\"INCOME\",\"imagePath\":\"1-Billy/subcategories/financial.png\",\"creationDate\":\"2024-07-01T12:29:31.000Z\",\"modificationDate\":\"2024-07-01T12:29:31.000Z\",\"category\":{\"id\":12,\"genre\":\"INCOME\",\"userId\":1,\"name\":\"Revenus financier\",\"type\":\"FINANCIAL\",\"imagePath\":\"1-Billy/categories/financial.png\",\"creationDate\":\"2024-07-01T12:29:31.000Z\",\"modificationDate\":\"2024-07-01T12:29:31.000Z\"}},\"amount\":0.04184549}]',NULL,'Daily interest','2024-09-13 21:00:00','INTEREST','2024-09-13 21:00:00','2024-09-13 21:00:00',NULL,NULL),(173,1,2,'[{\"category\":{\"id\":4,\"genre\":\"OUTCOME\",\"userId\":1,\"name\":\"Divertissement\",\"type\":\"ENTERTAINMENT\",\"imagePath\":\"1-Billy/categories/entertainment.png\",\"creationDate\":\"2024-07-01T12:29:31.000Z\",\"modificationDate\":\"2024-07-01T12:29:31.000Z\"},\"subCategory\":{\"id\":44,\"userId\":1,\"categoryId\":4,\"name\":\"Discord\",\"type\":\"discord\",\"imagePath\":\"1-Billy/subcategories/discord.png\",\"creationDate\":\"2024-07-01T13:29:19.000Z\",\"modificationDate\":\"2024-07-01T13:29:19.000Z\"},\"amount\":\"4.99\"}]','','Rod24','2024-09-14 08:00:00','EXPENSE','2024-09-14 08:00:00','2024-09-14 08:00:00',NULL,1),(174,1,11,'[{\"category\":{\"id\":12,\"genre\":\"INCOME\",\"userId\":1,\"name\":\"Revenus financier\",\"type\":\"FINANCIAL\",\"imagePath\":\"1-Billy/categories/financial.png\",\"creationDate\":\"2024-07-01T12:29:31.000Z\",\"modificationDate\":\"2024-07-01T12:29:31.000Z\"},\"subCategory\":{\"id\":33,\"userId\":1,\"categoryId\":12,\"name\":\"Revenues financiers\",\"type\":\"INCOME\",\"imagePath\":\"1-Billy/subcategories/financial.png\",\"creationDate\":\"2024-07-01T12:29:31.000Z\",\"modificationDate\":\"2024-07-01T12:29:31.000Z\",\"category\":{\"id\":12,\"genre\":\"INCOME\",\"userId\":1,\"name\":\"Revenus financier\",\"type\":\"FINANCIAL\",\"imagePath\":\"1-Billy/categories/financial.png\",\"creationDate\":\"2024-07-01T12:29:31.000Z\",\"modificationDate\":\"2024-07-01T12:29:31.000Z\"}},\"amount\":0.04185022}]',NULL,'Daily interest','2024-09-14 21:00:00','INTEREST','2024-09-14 21:00:00','2024-09-14 21:00:00',NULL,NULL),(175,1,11,'[{\"category\":{\"id\":12,\"genre\":\"INCOME\",\"userId\":1,\"name\":\"Revenus financier\",\"type\":\"FINANCIAL\",\"imagePath\":\"1-Billy/categories/financial.png\",\"creationDate\":\"2024-07-01T12:29:31.000Z\",\"modificationDate\":\"2024-07-01T12:29:31.000Z\"},\"subCategory\":{\"id\":33,\"userId\":1,\"categoryId\":12,\"name\":\"Revenues financiers\",\"type\":\"INCOME\",\"imagePath\":\"1-Billy/subcategories/financial.png\",\"creationDate\":\"2024-07-01T12:29:31.000Z\",\"modificationDate\":\"2024-07-01T12:29:31.000Z\",\"category\":{\"id\":12,\"genre\":\"INCOME\",\"userId\":1,\"name\":\"Revenus financier\",\"type\":\"FINANCIAL\",\"imagePath\":\"1-Billy/categories/financial.png\",\"creationDate\":\"2024-07-01T12:29:31.000Z\",\"modificationDate\":\"2024-07-01T12:29:31.000Z\"}},\"amount\":0.04185495}]',NULL,'Daily interest','2024-09-15 21:00:00','INTEREST','2024-09-15 21:00:00','2024-09-15 21:00:00',NULL,NULL),(176,1,2,'[{\"category\":{\"id\":1,\"genre\":\"OUTCOME\",\"userId\":1,\"name\":\"Alimentations\",\"type\":\"FOOD\",\"imagePath\":\"1-Billy/categories/food.png\",\"creationDate\":\"2024-07-01T12:29:31.000Z\",\"modificationDate\":\"2024-07-01T12:29:31.000Z\"},\"subCategory\":{\"id\":1,\"userId\":1,\"categoryId\":1,\"name\":\"Alimentation\",\"type\":\"FOOD\",\"imagePath\":\"1-Billy/subcategories/food.png\",\"creationDate\":\"2024-07-01T12:29:31.000Z\",\"modificationDate\":\"2024-07-01T12:29:31.000Z\"},\"amount\":\"9.40\"}]','','','2024-09-16 10:48:33','EXPENSE','2024-09-16 10:48:46','2024-09-16 10:48:46',NULL,NULL),(177,1,2,'[{\"category\":{\"id\":4,\"genre\":\"OUTCOME\",\"userId\":1,\"name\":\"Divertissement\",\"type\":\"ENTERTAINMENT\",\"imagePath\":\"1-Billy/categories/entertainment.png\",\"creationDate\":\"2024-07-01T12:29:31.000Z\",\"modificationDate\":\"2024-07-01T12:29:31.000Z\"},\"subCategory\":{\"id\":39,\"userId\":1,\"categoryId\":4,\"name\":\"Nikke\",\"type\":\"nikke\",\"imagePath\":\"1-Billy/subcategories/nikke.jpg\",\"creationDate\":\"2024-07-01T13:24:37.000Z\",\"modificationDate\":\"2024-07-01T13:24:37.000Z\"},\"amount\":\"9.41\"}]','','','2024-09-10 18:00:00','EXPENSE','2024-09-16 20:21:27','2024-09-16 20:21:27',NULL,NULL),(178,1,2,'[{\"category\":{\"id\":4,\"genre\":\"OUTCOME\",\"userId\":1,\"name\":\"Divertissement\",\"type\":\"ENTERTAINMENT\",\"imagePath\":\"1-Billy/categories/entertainment.png\",\"creationDate\":\"2024-07-01T12:29:31.000Z\",\"modificationDate\":\"2024-07-01T12:29:31.000Z\"},\"subCategory\":{\"id\":39,\"userId\":1,\"categoryId\":4,\"name\":\"Nikke\",\"type\":\"nikke\",\"imagePath\":\"1-Billy/subcategories/nikke.jpg\",\"creationDate\":\"2024-07-01T13:24:37.000Z\",\"modificationDate\":\"2024-07-01T13:24:37.000Z\"},\"amount\":\"18.81\"}]','','','2024-09-10 18:00:00','EXPENSE','2024-09-16 20:21:48','2024-09-16 20:21:48',NULL,NULL),(179,1,2,'[{\"category\":{\"id\":4,\"genre\":\"OUTCOME\",\"userId\":1,\"name\":\"Divertissement\",\"type\":\"ENTERTAINMENT\",\"imagePath\":\"1-Billy/categories/entertainment.png\",\"creationDate\":\"2024-07-01T12:29:31.000Z\",\"modificationDate\":\"2024-07-01T12:29:31.000Z\"},\"subCategory\":{\"id\":39,\"userId\":1,\"categoryId\":4,\"name\":\"Nikke\",\"type\":\"nikke\",\"imagePath\":\"1-Billy/subcategories/nikke.jpg\",\"creationDate\":\"2024-07-01T13:24:37.000Z\",\"modificationDate\":\"2024-07-01T13:24:37.000Z\"},\"amount\":\"18.81\"}]','','','2024-09-10 18:00:00','EXPENSE','2024-09-16 20:22:03','2024-09-16 20:22:03',NULL,NULL),(180,1,2,'[{\"category\":{\"id\":4,\"genre\":\"OUTCOME\",\"userId\":1,\"name\":\"Divertissement\",\"type\":\"ENTERTAINMENT\",\"imagePath\":\"1-Billy/categories/entertainment.png\",\"creationDate\":\"2024-07-01T12:29:31.000Z\",\"modificationDate\":\"2024-07-01T12:29:31.000Z\"},\"subCategory\":{\"id\":39,\"userId\":1,\"categoryId\":4,\"name\":\"Nikke\",\"type\":\"nikke\",\"imagePath\":\"1-Billy/subcategories/nikke.jpg\",\"creationDate\":\"2024-07-01T13:24:37.000Z\",\"modificationDate\":\"2024-07-01T13:24:37.000Z\"},\"amount\":\"9.40\"}]','','','2024-09-10 18:00:00','EXPENSE','2024-09-16 20:22:19','2024-09-16 20:22:19',NULL,NULL),(181,1,2,'[{\"category\":{\"id\":4,\"genre\":\"OUTCOME\",\"userId\":1,\"name\":\"Divertissement\",\"type\":\"ENTERTAINMENT\",\"imagePath\":\"1-Billy/categories/entertainment.png\",\"creationDate\":\"2024-07-01T12:29:31.000Z\",\"modificationDate\":\"2024-07-01T12:29:31.000Z\"},\"subCategory\":{\"id\":39,\"userId\":1,\"categoryId\":4,\"name\":\"Nikke\",\"type\":\"nikke\",\"imagePath\":\"1-Billy/subcategories/nikke.jpg\",\"creationDate\":\"2024-07-01T13:24:37.000Z\",\"modificationDate\":\"2024-07-01T13:24:37.000Z\"},\"amount\":\"9.40\"}]','','','2024-09-10 18:00:00','EXPENSE','2024-09-16 20:22:33','2024-09-16 20:22:33',NULL,NULL),(182,1,2,'[{\"category\":{\"id\":4,\"genre\":\"OUTCOME\",\"userId\":1,\"name\":\"Divertissement\",\"type\":\"ENTERTAINMENT\",\"imagePath\":\"1-Billy/categories/entertainment.png\",\"creationDate\":\"2024-07-01T12:29:31.000Z\",\"modificationDate\":\"2024-07-01T12:29:31.000Z\"},\"subCategory\":{\"id\":39,\"userId\":1,\"categoryId\":4,\"name\":\"Nikke\",\"type\":\"nikke\",\"imagePath\":\"1-Billy/subcategories/nikke.jpg\",\"creationDate\":\"2024-07-01T13:24:37.000Z\",\"modificationDate\":\"2024-07-01T13:24:37.000Z\"},\"amount\":\"9.43\"}]','','','2024-09-11 18:00:00','EXPENSE','2024-09-16 20:24:08','2024-09-16 20:24:08',NULL,NULL),(183,1,2,'[{\"category\":{\"id\":4,\"genre\":\"OUTCOME\",\"userId\":1,\"name\":\"Divertissement\",\"type\":\"ENTERTAINMENT\",\"imagePath\":\"1-Billy/categories/entertainment.png\",\"creationDate\":\"2024-07-01T12:29:31.000Z\",\"modificationDate\":\"2024-07-01T12:29:31.000Z\"},\"subCategory\":{\"id\":39,\"userId\":1,\"categoryId\":4,\"name\":\"Nikke\",\"type\":\"nikke\",\"imagePath\":\"1-Billy/subcategories/nikke.jpg\",\"creationDate\":\"2024-07-01T13:24:37.000Z\",\"modificationDate\":\"2024-07-01T13:24:37.000Z\"},\"amount\":\"18.87\"}]','','','2024-09-11 18:00:00','EXPENSE','2024-09-16 20:24:23','2024-09-16 20:24:23',NULL,NULL),(184,1,2,'[{\"category\":{\"id\":4,\"genre\":\"OUTCOME\",\"userId\":1,\"name\":\"Divertissement\",\"type\":\"ENTERTAINMENT\",\"imagePath\":\"1-Billy/categories/entertainment.png\",\"creationDate\":\"2024-07-01T12:29:31.000Z\",\"modificationDate\":\"2024-07-01T12:29:31.000Z\"},\"subCategory\":{\"id\":39,\"userId\":1,\"categoryId\":4,\"name\":\"Nikke\",\"type\":\"nikke\",\"imagePath\":\"1-Billy/subcategories/nikke.jpg\",\"creationDate\":\"2024-07-01T13:24:37.000Z\",\"modificationDate\":\"2024-07-01T13:24:37.000Z\"},\"amount\":\"9.46\"}]','','','2024-09-13 18:00:00','EXPENSE','2024-09-16 20:24:47','2024-09-16 20:24:47',NULL,NULL),(185,1,2,'[{\"category\":{\"id\":4,\"genre\":\"OUTCOME\",\"userId\":1,\"name\":\"Divertissement\",\"type\":\"ENTERTAINMENT\",\"imagePath\":\"1-Billy/categories/entertainment.png\",\"creationDate\":\"2024-07-01T12:29:31.000Z\",\"modificationDate\":\"2024-07-01T12:29:31.000Z\"},\"subCategory\":{\"id\":54,\"userId\":1,\"categoryId\":4,\"name\":\"Azur Lane\",\"type\":\"azur-lane\",\"imagePath\":\"1-Billy/subcategories/azur-lane.png\",\"creationDate\":\"2024-07-16T13:29:41.000Z\",\"modificationDate\":\"2024-07-16T13:29:41.000Z\"},\"amount\":\"9.40\"}]','','','2024-09-15 18:00:00','EXPENSE','2024-09-16 20:25:30','2024-09-16 20:25:30',NULL,NULL),(186,1,2,'[{\"category\":{\"id\":1,\"genre\":\"OUTCOME\",\"userId\":1,\"name\":\"Alimentations\",\"type\":\"FOOD\",\"imagePath\":\"1-Billy/categories/food.png\",\"creationDate\":\"2024-07-01T12:29:31.000Z\",\"modificationDate\":\"2024-07-01T12:29:31.000Z\"},\"subCategory\":{\"id\":1,\"userId\":1,\"categoryId\":1,\"name\":\"Alimentation\",\"type\":\"FOOD\",\"imagePath\":\"1-Billy/subcategories/food.png\",\"creationDate\":\"2024-07-01T12:29:31.000Z\",\"modificationDate\":\"2024-07-01T12:29:31.000Z\"},\"amount\":\"9.40\"}]','','','2024-09-06 10:45:00','EXPENSE','2024-09-16 20:42:14','2024-09-16 20:42:14',NULL,NULL),(187,1,2,'[{\"category\":{\"id\":1,\"genre\":\"OUTCOME\",\"userId\":1,\"name\":\"Alimentations\",\"type\":\"FOOD\",\"imagePath\":\"1-Billy/categories/food.png\",\"creationDate\":\"2024-07-01T12:29:31.000Z\",\"modificationDate\":\"2024-07-01T12:29:31.000Z\"},\"subCategory\":{\"id\":1,\"userId\":1,\"categoryId\":1,\"name\":\"Alimentation\",\"type\":\"FOOD\",\"imagePath\":\"1-Billy/subcategories/food.png\",\"creationDate\":\"2024-07-01T12:29:31.000Z\",\"modificationDate\":\"2024-07-01T12:29:31.000Z\"},\"amount\":\"9.40\"}]','','','2024-09-10 10:45:00','EXPENSE','2024-09-16 20:43:07','2024-09-16 20:43:07',NULL,NULL),(188,1,11,'[{\"category\":{\"id\":12,\"genre\":\"INCOME\",\"userId\":1,\"name\":\"Revenus financier\",\"type\":\"FINANCIAL\",\"imagePath\":\"1-Billy/categories/financial.png\",\"creationDate\":\"2024-07-01T12:29:31.000Z\",\"modificationDate\":\"2024-07-01T12:29:31.000Z\"},\"subCategory\":{\"id\":33,\"userId\":1,\"categoryId\":12,\"name\":\"Revenues financiers\",\"type\":\"INCOME\",\"imagePath\":\"1-Billy/subcategories/financial.png\",\"creationDate\":\"2024-07-01T12:29:31.000Z\",\"modificationDate\":\"2024-07-01T12:29:31.000Z\",\"category\":{\"id\":12,\"genre\":\"INCOME\",\"userId\":1,\"name\":\"Revenus financier\",\"type\":\"FINANCIAL\",\"imagePath\":\"1-Billy/categories/financial.png\",\"creationDate\":\"2024-07-01T12:29:31.000Z\",\"modificationDate\":\"2024-07-01T12:29:31.000Z\"}},\"amount\":0.04580232}]',NULL,'Daily interest','2024-09-16 21:00:00','INTEREST','2024-09-16 21:00:00','2024-09-16 21:00:00',NULL,NULL),(189,1,2,'[{\"category\":{\"id\":1,\"genre\":\"OUTCOME\",\"userId\":1,\"name\":\"Alimentations\",\"type\":\"FOOD\",\"imagePath\":\"1-Billy/categories/food.png\",\"creationDate\":\"2024-07-01T12:29:31.000Z\",\"modificationDate\":\"2024-07-01T12:29:31.000Z\"},\"subCategory\":{\"id\":1,\"userId\":1,\"categoryId\":1,\"name\":\"Alimentation\",\"type\":\"FOOD\",\"imagePath\":\"1-Billy/subcategories/food.png\",\"creationDate\":\"2024-07-01T12:29:31.000Z\",\"modificationDate\":\"2024-07-01T12:29:31.000Z\"},\"amount\":\"9.40\"}]','','','2024-09-17 10:46:05','EXPENSE','2024-09-17 10:46:26','2024-09-17 10:46:26',NULL,NULL),(190,1,11,'[{\"category\":{\"id\":12,\"genre\":\"INCOME\",\"userId\":1,\"name\":\"Revenus financier\",\"type\":\"FINANCIAL\",\"imagePath\":\"1-Billy/categories/financial.png\",\"creationDate\":\"2024-07-01T12:29:31.000Z\",\"modificationDate\":\"2024-07-01T12:29:31.000Z\"},\"subCategory\":{\"id\":33,\"userId\":1,\"categoryId\":12,\"name\":\"Revenues financiers\",\"type\":\"INCOME\",\"imagePath\":\"1-Billy/subcategories/financial.png\",\"creationDate\":\"2024-07-01T12:29:31.000Z\",\"modificationDate\":\"2024-07-01T12:29:31.000Z\",\"category\":{\"id\":12,\"genre\":\"INCOME\",\"userId\":1,\"name\":\"Revenus financier\",\"type\":\"FINANCIAL\",\"imagePath\":\"1-Billy/categories/financial.png\",\"creationDate\":\"2024-07-01T12:29:31.000Z\",\"modificationDate\":\"2024-07-01T12:29:31.000Z\"}},\"amount\":0.0458075}]',NULL,'Daily interest','2024-09-17 21:00:00','INTEREST','2024-09-17 21:00:00','2024-09-17 21:00:00',NULL,NULL),(191,1,2,'[{\"category\":{\"id\":4,\"genre\":\"OUTCOME\",\"userId\":1,\"name\":\"Divertissement\",\"type\":\"ENTERTAINMENT\",\"imagePath\":\"1-Billy/categories/entertainment.png\",\"creationDate\":\"2024-07-01T12:29:31.000Z\",\"modificationDate\":\"2024-07-01T12:29:31.000Z\"},\"subCategory\":{\"id\":39,\"userId\":1,\"categoryId\":4,\"name\":\"Nikke\",\"type\":\"nikke\",\"imagePath\":\"1-Billy/subcategories/nikke.jpg\",\"creationDate\":\"2024-07-01T13:24:37.000Z\",\"modificationDate\":\"2024-07-01T13:24:37.000Z\"},\"amount\":\"9.37\"}]','','','2024-09-17 21:52:58','EXPENSE','2024-09-17 21:53:31','2024-09-17 21:53:31',NULL,NULL),(192,1,2,'[{\"category\":{\"id\":1,\"genre\":\"OUTCOME\",\"userId\":1,\"name\":\"Alimentations\",\"type\":\"FOOD\",\"imagePath\":\"1-Billy/categories/food.png\",\"creationDate\":\"2024-07-01T12:29:31.000Z\",\"modificationDate\":\"2024-07-01T12:29:31.000Z\"},\"subCategory\":{\"id\":1,\"userId\":1,\"categoryId\":1,\"name\":\"Alimentation\",\"type\":\"FOOD\",\"imagePath\":\"1-Billy/subcategories/food.png\",\"creationDate\":\"2024-07-01T12:29:31.000Z\",\"modificationDate\":\"2024-07-01T12:29:31.000Z\"},\"amount\":\"8.30\"}]','','','2024-09-18 10:43:55','EXPENSE','2024-09-18 10:44:09','2024-09-18 10:44:09',NULL,NULL),(193,1,11,'[{\"category\":{\"id\":12,\"genre\":\"INCOME\",\"userId\":1,\"name\":\"Revenus financier\",\"type\":\"FINANCIAL\",\"imagePath\":\"1-Billy/categories/financial.png\",\"creationDate\":\"2024-07-01T12:29:31.000Z\",\"modificationDate\":\"2024-07-01T12:29:31.000Z\"},\"subCategory\":{\"id\":33,\"userId\":1,\"categoryId\":12,\"name\":\"Revenues financiers\",\"type\":\"INCOME\",\"imagePath\":\"1-Billy/subcategories/financial.png\",\"creationDate\":\"2024-07-01T12:29:31.000Z\",\"modificationDate\":\"2024-07-01T12:29:31.000Z\",\"category\":{\"id\":12,\"genre\":\"INCOME\",\"userId\":1,\"name\":\"Revenus financier\",\"type\":\"FINANCIAL\",\"imagePath\":\"1-Billy/categories/financial.png\",\"creationDate\":\"2024-07-01T12:29:31.000Z\",\"modificationDate\":\"2024-07-01T12:29:31.000Z\"}},\"amount\":0.04581268}]',NULL,'Daily interest','2024-09-18 21:00:00','INTEREST','2024-09-18 21:00:00','2024-09-18 21:00:00',NULL,NULL),(194,1,11,'[{\"category\":{\"id\":12,\"genre\":\"INCOME\",\"userId\":1,\"name\":\"Revenus financier\",\"type\":\"FINANCIAL\",\"imagePath\":\"1-Billy/categories/financial.png\",\"creationDate\":\"2024-07-01T12:29:31.000Z\",\"modificationDate\":\"2024-07-01T12:29:31.000Z\"},\"subCategory\":{\"id\":33,\"userId\":1,\"categoryId\":12,\"name\":\"Revenues financiers\",\"type\":\"INCOME\",\"imagePath\":\"1-Billy/subcategories/financial.png\",\"creationDate\":\"2024-07-01T12:29:31.000Z\",\"modificationDate\":\"2024-07-01T12:29:31.000Z\",\"category\":{\"id\":12,\"genre\":\"INCOME\",\"userId\":1,\"name\":\"Revenus financier\",\"type\":\"FINANCIAL\",\"imagePath\":\"1-Billy/categories/financial.png\",\"creationDate\":\"2024-07-01T12:29:31.000Z\",\"modificationDate\":\"2024-07-01T12:29:31.000Z\"}},\"amount\":0.04581787}]',NULL,'Daily interest','2024-09-19 21:00:00','INTEREST','2024-09-19 21:00:00','2024-09-19 21:00:00',NULL,NULL),(195,1,2,'[{\"category\":{\"id\":1,\"genre\":\"OUTCOME\",\"userId\":1,\"name\":\"Alimentations\",\"type\":\"FOOD\",\"imagePath\":\"1-Billy/categories/food.png\",\"creationDate\":\"2024-07-01T12:29:31.000Z\",\"modificationDate\":\"2024-07-01T12:29:31.000Z\"},\"subCategory\":{\"id\":1,\"userId\":1,\"categoryId\":1,\"name\":\"Alimentation\",\"type\":\"FOOD\",\"imagePath\":\"1-Billy/subcategories/food.png\",\"creationDate\":\"2024-07-01T12:29:31.000Z\",\"modificationDate\":\"2024-07-01T12:29:31.000Z\"},\"amount\":\"11.40\"}]','','','2024-09-20 10:49:57','EXPENSE','2024-09-20 10:50:23','2024-09-20 10:50:23',NULL,NULL),(196,1,11,'[{\"category\":{\"id\":12,\"genre\":\"INCOME\",\"userId\":1,\"name\":\"Revenus financier\",\"type\":\"FINANCIAL\",\"imagePath\":\"1-Billy/categories/financial.png\",\"creationDate\":\"2024-07-01T12:29:31.000Z\",\"modificationDate\":\"2024-07-01T12:29:31.000Z\"},\"subCategory\":{\"id\":33,\"userId\":1,\"categoryId\":12,\"name\":\"Revenues financiers\",\"type\":\"INCOME\",\"imagePath\":\"1-Billy/subcategories/financial.png\",\"creationDate\":\"2024-07-01T12:29:31.000Z\",\"modificationDate\":\"2024-07-01T12:29:31.000Z\",\"category\":{\"id\":12,\"genre\":\"INCOME\",\"userId\":1,\"name\":\"Revenus financier\",\"type\":\"FINANCIAL\",\"imagePath\":\"1-Billy/categories/financial.png\",\"creationDate\":\"2024-07-01T12:29:31.000Z\",\"modificationDate\":\"2024-07-01T12:29:31.000Z\"}},\"amount\":0.04582305}]',NULL,'Daily interest','2024-09-20 21:00:00','INTEREST','2024-09-20 21:00:00','2024-09-20 21:00:00',NULL,NULL),(197,1,2,'[{\"category\":{\"id\":10,\"genre\":\"OUTCOME\",\"userId\":1,\"name\":\"Autre (Dépenses)\",\"type\":\"OTHER\",\"imagePath\":\"1-Billy/categories/other.png\",\"creationDate\":\"2024-07-01T12:29:31.000Z\",\"modificationDate\":\"2024-07-01T12:29:31.000Z\"},\"subCategory\":{\"id\":49,\"userId\":1,\"categoryId\":10,\"name\":\"Carte débit\",\"type\":\"carte-debit\",\"imagePath\":\"1-Billy/subcategories/carte-debit.png\",\"creationDate\":\"2024-07-01T13:37:26.000Z\",\"modificationDate\":\"2024-07-01T13:37:26.000Z\"},\"amount\":\"2\"}]','','','2024-09-21 08:00:00','EXPENSE','2024-09-21 08:00:00','2024-09-21 08:00:00',NULL,1),(198,1,11,'[{\"category\":{\"id\":12,\"genre\":\"INCOME\",\"userId\":1,\"name\":\"Revenus financier\",\"type\":\"FINANCIAL\",\"imagePath\":\"1-Billy/categories/financial.png\",\"creationDate\":\"2024-07-01T12:29:31.000Z\",\"modificationDate\":\"2024-07-01T12:29:31.000Z\"},\"subCategory\":{\"id\":33,\"userId\":1,\"categoryId\":12,\"name\":\"Revenues financiers\",\"type\":\"INCOME\",\"imagePath\":\"1-Billy/subcategories/financial.png\",\"creationDate\":\"2024-07-01T12:29:31.000Z\",\"modificationDate\":\"2024-07-01T12:29:31.000Z\",\"category\":{\"id\":12,\"genre\":\"INCOME\",\"userId\":1,\"name\":\"Revenus financier\",\"type\":\"FINANCIAL\",\"imagePath\":\"1-Billy/categories/financial.png\",\"creationDate\":\"2024-07-01T12:29:31.000Z\",\"modificationDate\":\"2024-07-01T12:29:31.000Z\"}},\"amount\":0.04582823}]',NULL,'Daily interest','2024-09-21 21:00:00','INTEREST','2024-09-21 21:00:00','2024-09-21 21:00:00',NULL,NULL),(199,1,2,'[{\"category\":{\"id\":10,\"genre\":\"OUTCOME\",\"userId\":1,\"name\":\"Autre (Dépenses)\",\"type\":\"OTHER\",\"imagePath\":\"1-Billy/categories/other.png\",\"creationDate\":\"2024-07-01T12:29:31.000Z\",\"modificationDate\":\"2024-07-01T12:29:31.000Z\"},\"subCategory\":{\"id\":46,\"userId\":1,\"categoryId\":10,\"name\":\"Banque\",\"type\":\"banque\",\"imagePath\":\"1-Billy/subcategories/banque.png\",\"creationDate\":\"2024-07-01T13:32:11.000Z\",\"modificationDate\":\"2024-07-01T13:32:11.000Z\"},\"amount\":\"5.45\"}]','','Responsabilité civile','2024-09-22 08:00:00','EXPENSE','2024-09-22 08:00:00','2024-09-22 08:00:00',NULL,1),(200,1,11,'[{\"category\":{\"id\":12,\"genre\":\"INCOME\",\"userId\":1,\"name\":\"Revenus financier\",\"type\":\"FINANCIAL\",\"imagePath\":\"1-Billy/categories/financial.png\",\"creationDate\":\"2024-07-01T12:29:31.000Z\",\"modificationDate\":\"2024-07-01T12:29:31.000Z\"},\"subCategory\":{\"id\":33,\"userId\":1,\"categoryId\":12,\"name\":\"Revenues financiers\",\"type\":\"INCOME\",\"imagePath\":\"1-Billy/subcategories/financial.png\",\"creationDate\":\"2024-07-01T12:29:31.000Z\",\"modificationDate\":\"2024-07-01T12:29:31.000Z\",\"category\":{\"id\":12,\"genre\":\"INCOME\",\"userId\":1,\"name\":\"Revenus financier\",\"type\":\"FINANCIAL\",\"imagePath\":\"1-Billy/categories/financial.png\",\"creationDate\":\"2024-07-01T12:29:31.000Z\",\"modificationDate\":\"2024-07-01T12:29:31.000Z\"}},\"amount\":0.04583341}]',NULL,'Daily interest','2024-09-22 21:00:00','INTEREST','2024-09-22 21:00:00','2024-09-22 21:00:00',NULL,NULL),(201,1,11,'[{\"category\":{\"id\":12,\"genre\":\"INCOME\",\"userId\":1,\"name\":\"Revenus financier\",\"type\":\"FINANCIAL\",\"imagePath\":\"1-Billy/categories/financial.png\",\"creationDate\":\"2024-07-01T12:29:31.000Z\",\"modificationDate\":\"2024-07-01T12:29:31.000Z\"},\"subCategory\":{\"id\":33,\"userId\":1,\"categoryId\":12,\"name\":\"Revenues financiers\",\"type\":\"INCOME\",\"imagePath\":\"1-Billy/subcategories/financial.png\",\"creationDate\":\"2024-07-01T12:29:31.000Z\",\"modificationDate\":\"2024-07-01T12:29:31.000Z\",\"category\":{\"id\":12,\"genre\":\"INCOME\",\"userId\":1,\"name\":\"Revenus financier\",\"type\":\"FINANCIAL\",\"imagePath\":\"1-Billy/categories/financial.png\",\"creationDate\":\"2024-07-01T12:29:31.000Z\",\"modificationDate\":\"2024-07-01T12:29:31.000Z\"}},\"amount\":0.04978123}]',NULL,'Daily interest','2024-09-23 21:00:00','INTEREST','2024-09-23 21:00:00','2024-09-23 21:00:00',NULL,NULL),(202,1,2,'[{\"category\":{\"id\":4,\"genre\":\"OUTCOME\",\"userId\":1,\"name\":\"Divertissement\",\"type\":\"ENTERTAINMENT\",\"imagePath\":\"1-Billy/categories/entertainment.png\",\"creationDate\":\"2024-07-01T12:29:31.000Z\",\"modificationDate\":\"2024-07-01T12:29:31.000Z\"},\"subCategory\":{\"id\":52,\"userId\":1,\"categoryId\":4,\"name\":\"Luvr.ai\",\"type\":\"luvr-ai\",\"imagePath\":\"1-Billy/subcategories/luvr-ai.png\",\"creationDate\":\"2024-07-01T13:39:48.000Z\",\"modificationDate\":\"2024-07-01T13:39:48.000Z\"},\"amount\":\"6.32\"}]','','','2024-09-24 08:00:00','EXPENSE','2024-09-24 08:00:00','2024-10-01 08:58:34',NULL,1),(203,1,2,'[{\"category\":{\"id\":4,\"genre\":\"OUTCOME\",\"userId\":1,\"name\":\"Divertissement\",\"type\":\"ENTERTAINMENT\",\"imagePath\":\"1-Billy/categories/entertainment.png\",\"creationDate\":\"2024-07-01T12:29:31.000Z\",\"modificationDate\":\"2024-07-01T12:29:31.000Z\"},\"subCategory\":{\"id\":44,\"userId\":1,\"categoryId\":4,\"name\":\"Discord\",\"type\":\"discord\",\"imagePath\":\"1-Billy/subcategories/discord.png\",\"creationDate\":\"2024-07-01T13:29:19.000Z\",\"modificationDate\":\"2024-07-01T13:29:19.000Z\"},\"amount\":\"9.99\"}]','','Rod48','2024-09-24 08:00:00','EXPENSE','2024-09-24 08:00:00','2024-09-24 08:00:00',NULL,1),(204,1,2,'[{\"category\":{\"id\":1,\"genre\":\"OUTCOME\",\"userId\":1,\"name\":\"Alimentations\",\"type\":\"FOOD\",\"imagePath\":\"1-Billy/categories/food.png\",\"creationDate\":\"2024-07-01T12:29:31.000Z\",\"modificationDate\":\"2024-07-01T12:29:31.000Z\"},\"subCategory\":{\"id\":1,\"userId\":1,\"categoryId\":1,\"name\":\"Alimentation\",\"type\":\"FOOD\",\"imagePath\":\"1-Billy/subcategories/food.png\",\"creationDate\":\"2024-07-01T12:29:31.000Z\",\"modificationDate\":\"2024-07-01T12:29:31.000Z\"},\"amount\":\"10.90\"}]','','','2024-09-24 10:46:09','EXPENSE','2024-09-24 10:46:22','2024-09-24 10:46:22',NULL,NULL),(205,1,11,'[{\"category\":{\"id\":12,\"genre\":\"INCOME\",\"userId\":1,\"name\":\"Revenus financier\",\"type\":\"FINANCIAL\",\"imagePath\":\"1-Billy/categories/financial.png\",\"creationDate\":\"2024-07-01T12:29:31.000Z\",\"modificationDate\":\"2024-07-01T12:29:31.000Z\"},\"subCategory\":{\"id\":33,\"userId\":1,\"categoryId\":12,\"name\":\"Revenues financiers\",\"type\":\"INCOME\",\"imagePath\":\"1-Billy/subcategories/financial.png\",\"creationDate\":\"2024-07-01T12:29:31.000Z\",\"modificationDate\":\"2024-07-01T12:29:31.000Z\",\"category\":{\"id\":12,\"genre\":\"INCOME\",\"userId\":1,\"name\":\"Revenus financier\",\"type\":\"FINANCIAL\",\"imagePath\":\"1-Billy/categories/financial.png\",\"creationDate\":\"2024-07-01T12:29:31.000Z\",\"modificationDate\":\"2024-07-01T12:29:31.000Z\"}},\"amount\":0.04978686}]',NULL,'Daily interest','2024-09-24 21:00:00','INTEREST','2024-09-24 21:00:00','2024-09-24 21:00:00',NULL,NULL),(206,1,2,'[{\"category\":{\"id\":1,\"genre\":\"OUTCOME\",\"userId\":1,\"name\":\"Alimentations\",\"type\":\"FOOD\",\"imagePath\":\"1-Billy/categories/food.png\",\"creationDate\":\"2024-07-01T12:29:31.000Z\",\"modificationDate\":\"2024-07-01T12:29:31.000Z\"},\"subCategory\":{\"id\":1,\"userId\":1,\"categoryId\":1,\"name\":\"Alimentation\",\"type\":\"FOOD\",\"imagePath\":\"1-Billy/subcategories/food.png\",\"creationDate\":\"2024-07-01T12:29:31.000Z\",\"modificationDate\":\"2024-07-01T12:29:31.000Z\"},\"amount\":\"9.40\"}]','','','2024-09-25 10:46:34','EXPENSE','2024-09-25 10:46:43','2024-09-25 10:46:43',NULL,NULL),(207,1,2,'[{\"category\":{\"id\":4,\"genre\":\"OUTCOME\",\"userId\":1,\"name\":\"Divertissement\",\"type\":\"ENTERTAINMENT\",\"imagePath\":\"1-Billy/categories/entertainment.png\",\"creationDate\":\"2024-07-01T12:29:31.000Z\",\"modificationDate\":\"2024-07-01T12:29:31.000Z\"},\"subCategory\":{\"id\":15,\"userId\":1,\"categoryId\":4,\"name\":\"Divertissement\",\"type\":\"ENTERTAINMENT\",\"imagePath\":\"1-Billy/subcategories/entertainment.png\",\"creationDate\":\"2024-07-01T12:29:31.000Z\",\"modificationDate\":\"2024-07-01T12:29:31.000Z\"},\"amount\":\"282.25\"}]','','Concert Iron Maiden','2024-09-25 16:46:33','EXPENSE','2024-09-25 16:46:52','2024-09-25 16:46:52',NULL,NULL),(208,1,2,'[{\"category\":{\"id\":7,\"genre\":\"OUTCOME\",\"userId\":1,\"name\":\"Santé/Sport\",\"type\":\"HEALTH\",\"imagePath\":\"1-Billy/categories/health.png\",\"creationDate\":\"2024-07-01T12:29:31.000Z\",\"modificationDate\":\"2024-07-01T12:29:31.000Z\"},\"subCategory\":{\"id\":25,\"userId\":1,\"categoryId\":7,\"name\":\"Santé\",\"type\":\"HEALTH\",\"imagePath\":\"1-Billy/subcategories/health.png\",\"creationDate\":\"2024-07-01T12:29:31.000Z\",\"modificationDate\":\"2024-07-01T12:29:31.000Z\"},\"amount\":\"65\"}]','','ophtalmologue ','2024-09-18 20:00:00','EXPENSE','2024-09-25 16:50:44','2024-09-25 16:50:44',NULL,NULL),(209,1,2,'[{\"category\":{\"id\":4,\"genre\":\"OUTCOME\",\"userId\":1,\"name\":\"Divertissement\",\"type\":\"ENTERTAINMENT\",\"imagePath\":\"1-Billy/categories/entertainment.png\",\"creationDate\":\"2024-07-01T12:29:31.000Z\",\"modificationDate\":\"2024-07-01T12:29:31.000Z\"},\"subCategory\":{\"id\":52,\"userId\":1,\"categoryId\":4,\"name\":\"Luvr.ai\",\"type\":\"luvr-ai\",\"imagePath\":\"1-Billy/subcategories/luvr-ai.png\",\"creationDate\":\"2024-07-01T13:39:48.000Z\",\"modificationDate\":\"2024-07-01T13:39:48.000Z\"},\"amount\":\"9.02\"}]','','','2024-09-19 06:00:00','EXPENSE','2024-09-25 17:08:17','2024-09-25 17:08:17',NULL,NULL),(210,1,2,'[{\"category\":{\"id\":13,\"genre\":\"INCOME\",\"userId\":1,\"name\":\"Revenus\",\"type\":\"INCOME\",\"imagePath\":\"1-Billy/categories/income.png\",\"creationDate\":\"2024-07-01T12:29:31.000Z\",\"modificationDate\":\"2024-07-01T12:29:31.000Z\"},\"subCategory\":{\"id\":34,\"userId\":1,\"categoryId\":13,\"name\":\"Salaire\",\"type\":\"SALARY\",\"imagePath\":\"1-Billy/subcategories/salary.png\",\"creationDate\":\"2024-07-01T12:29:31.000Z\",\"modificationDate\":\"2024-07-01T12:29:31.000Z\"},\"amount\":\"228.96\"}]','','Remboursement Navigo','2024-09-03 17:11:34','INCOME','2024-09-25 17:12:37','2024-09-25 17:12:37',NULL,NULL),(211,1,2,'[{\"category\":{\"id\":11,\"genre\":\"INCOME\",\"userId\":1,\"name\":\"Autre (Revenus)\",\"type\":\"OTHER_INCOME\",\"imagePath\":\"1-Billy/categories/other_income.png\",\"creationDate\":\"2024-07-01T12:29:31.000Z\",\"modificationDate\":\"2024-07-01T12:29:31.000Z\"},\"subCategory\":{\"id\":30,\"userId\":1,\"categoryId\":11,\"name\":\"Autre (Revenues)\",\"type\":\"OTHERS\",\"imagePath\":\"1-Billy/subcategories/other_income.png\",\"creationDate\":\"2024-07-01T12:29:31.000Z\",\"modificationDate\":\"2024-07-01T12:29:31.000Z\"},\"amount\":\"91.45\"}]','','Remboursement Concert','2024-09-25 17:34:24','INCOME','2024-09-25 17:34:59','2024-09-25 17:34:59',NULL,NULL),(212,1,11,'[{\"category\":{\"id\":12,\"genre\":\"INCOME\",\"userId\":1,\"name\":\"Revenus financier\",\"type\":\"FINANCIAL\",\"imagePath\":\"1-Billy/categories/financial.png\",\"creationDate\":\"2024-07-01T12:29:31.000Z\",\"modificationDate\":\"2024-07-01T12:29:31.000Z\"},\"subCategory\":{\"id\":33,\"userId\":1,\"categoryId\":12,\"name\":\"Revenues financiers\",\"type\":\"INCOME\",\"imagePath\":\"1-Billy/subcategories/financial.png\",\"creationDate\":\"2024-07-01T12:29:31.000Z\",\"modificationDate\":\"2024-07-01T12:29:31.000Z\",\"category\":{\"id\":12,\"genre\":\"INCOME\",\"userId\":1,\"name\":\"Revenus financier\",\"type\":\"FINANCIAL\",\"imagePath\":\"1-Billy/categories/financial.png\",\"creationDate\":\"2024-07-01T12:29:31.000Z\",\"modificationDate\":\"2024-07-01T12:29:31.000Z\"}},\"amount\":0.05373469}]',NULL,'Daily interest','2024-09-25 21:00:00','INTEREST','2024-09-25 21:00:00','2024-09-25 21:00:00',NULL,NULL),(213,1,2,'[{\"category\":{\"id\":4,\"genre\":\"OUTCOME\",\"userId\":1,\"name\":\"Divertissement\",\"type\":\"ENTERTAINMENT\",\"imagePath\":\"1-Billy/categories/entertainment.png\",\"creationDate\":\"2024-07-01T12:29:31.000Z\",\"modificationDate\":\"2024-07-01T12:29:31.000Z\"},\"subCategory\":{\"id\":52,\"userId\":1,\"categoryId\":4,\"name\":\"Luvr.ai\",\"type\":\"luvr-ai\",\"imagePath\":\"1-Billy/subcategories/luvr-ai.png\",\"creationDate\":\"2024-07-01T13:39:48.000Z\",\"modificationDate\":\"2024-07-01T13:39:48.000Z\"},\"amount\":\"9.11\"}]','','','2024-08-19 17:45:00','EXPENSE','2024-09-26 05:08:55','2024-09-26 05:08:55',NULL,NULL),(214,1,2,'[{\"category\":{\"id\":1,\"genre\":\"OUTCOME\",\"userId\":1,\"name\":\"Alimentations\",\"type\":\"FOOD\",\"imagePath\":\"1-Billy/categories/food.png\",\"creationDate\":\"2024-07-01T12:29:31.000Z\",\"modificationDate\":\"2024-07-01T12:29:31.000Z\"},\"subCategory\":{\"id\":1,\"userId\":1,\"categoryId\":1,\"name\":\"Alimentation\",\"type\":\"FOOD\",\"imagePath\":\"1-Billy/subcategories/food.png\",\"creationDate\":\"2024-07-01T12:29:31.000Z\",\"modificationDate\":\"2024-07-01T12:29:31.000Z\"},\"amount\":\"9.40\"}]','','','2024-09-26 10:45:07','EXPENSE','2024-09-26 10:45:27','2024-09-26 10:45:27',NULL,NULL),(215,1,11,'[{\"category\":{\"id\":12,\"genre\":\"INCOME\",\"userId\":1,\"name\":\"Revenus financier\",\"type\":\"FINANCIAL\",\"imagePath\":\"1-Billy/categories/financial.png\",\"creationDate\":\"2024-07-01T12:29:31.000Z\",\"modificationDate\":\"2024-07-01T12:29:31.000Z\"},\"subCategory\":{\"id\":33,\"userId\":1,\"categoryId\":12,\"name\":\"Revenues financiers\",\"type\":\"INCOME\",\"imagePath\":\"1-Billy/subcategories/financial.png\",\"creationDate\":\"2024-07-01T12:29:31.000Z\",\"modificationDate\":\"2024-07-01T12:29:31.000Z\",\"category\":{\"id\":12,\"genre\":\"INCOME\",\"userId\":1,\"name\":\"Revenus financier\",\"type\":\"FINANCIAL\",\"imagePath\":\"1-Billy/categories/financial.png\",\"creationDate\":\"2024-07-01T12:29:31.000Z\",\"modificationDate\":\"2024-07-01T12:29:31.000Z\"}},\"amount\":0.05374077}]',NULL,'Daily interest','2024-09-26 21:00:00','INTEREST','2024-09-26 21:00:00','2024-09-26 21:00:00',NULL,NULL),(216,1,2,'[{\"category\":{\"id\":1,\"genre\":\"OUTCOME\",\"userId\":1,\"name\":\"Alimentations\",\"type\":\"FOOD\",\"imagePath\":\"1-Billy/categories/food.png\",\"creationDate\":\"2024-07-01T12:29:31.000Z\",\"modificationDate\":\"2024-07-01T12:29:31.000Z\"},\"subCategory\":{\"id\":1,\"userId\":1,\"categoryId\":1,\"name\":\"Alimentation\",\"type\":\"FOOD\",\"imagePath\":\"1-Billy/subcategories/food.png\",\"creationDate\":\"2024-07-01T12:29:31.000Z\",\"modificationDate\":\"2024-07-01T12:29:31.000Z\"},\"amount\":\"9.40\"}]','','','2024-09-27 10:49:40','EXPENSE','2024-09-27 10:49:56','2024-09-27 10:49:56',NULL,NULL),(217,1,11,'[{\"category\":{\"id\":12,\"genre\":\"INCOME\",\"userId\":1,\"name\":\"Revenus financier\",\"type\":\"FINANCIAL\",\"imagePath\":\"1-Billy/categories/financial.png\",\"creationDate\":\"2024-07-01T12:29:31.000Z\",\"modificationDate\":\"2024-07-01T12:29:31.000Z\"},\"subCategory\":{\"id\":33,\"userId\":1,\"categoryId\":12,\"name\":\"Revenues financiers\",\"type\":\"INCOME\",\"imagePath\":\"1-Billy/subcategories/financial.png\",\"creationDate\":\"2024-07-01T12:29:31.000Z\",\"modificationDate\":\"2024-07-01T12:29:31.000Z\",\"category\":{\"id\":12,\"genre\":\"INCOME\",\"userId\":1,\"name\":\"Revenus financier\",\"type\":\"FINANCIAL\",\"imagePath\":\"1-Billy/categories/financial.png\",\"creationDate\":\"2024-07-01T12:29:31.000Z\",\"modificationDate\":\"2024-07-01T12:29:31.000Z\"}},\"amount\":0.05374685}]',NULL,'Daily interest','2024-09-27 21:00:00','INTEREST','2024-09-27 21:00:00','2024-09-27 21:00:00',NULL,NULL),(218,1,2,'[{\"category\":{\"id\":5,\"genre\":\"OUTCOME\",\"userId\":1,\"name\":\"Maison\",\"type\":\"HOME\",\"imagePath\":\"1-Billy/categories/home.png\",\"creationDate\":\"2024-07-01T12:29:31.000Z\",\"modificationDate\":\"2024-07-01T12:29:31.000Z\"},\"subCategory\":{\"id\":21,\"userId\":1,\"categoryId\":5,\"name\":\"Facture téléphonique\",\"type\":\"PHONEBILL\",\"imagePath\":\"1-Billy/subcategories/phonebill.png\",\"creationDate\":\"2024-07-01T12:29:31.000Z\",\"modificationDate\":\"2024-07-01T12:29:31.000Z\"},\"amount\":\"31.99\"}]','','Tel portable','2024-09-28 08:00:00','EXPENSE','2024-09-28 08:00:00','2024-09-28 08:00:00',NULL,1),(219,1,2,'[{\"category\":{\"id\":4,\"genre\":\"OUTCOME\",\"userId\":1,\"name\":\"Divertissement\",\"type\":\"ENTERTAINMENT\",\"imagePath\":\"1-Billy/categories/entertainment.png\",\"creationDate\":\"2024-07-01T12:29:31.000Z\",\"modificationDate\":\"2024-07-01T12:29:31.000Z\"},\"subCategory\":{\"id\":56,\"userId\":1,\"categoryId\":4,\"name\":\"OnlyFans\",\"type\":\"onlyfans\",\"imagePath\":\"1-Billy/subcategories/onlyfans.png\",\"creationDate\":\"2024-08-23T16:56:43.000Z\",\"modificationDate\":\"2024-08-23T16:56:43.000Z\"},\"amount\":\"40.88\"}]','','','2024-09-28 09:41:52','EXPENSE','2024-09-28 09:42:49','2024-10-01 08:56:34',NULL,NULL),(220,1,2,'[{\"category\":{\"id\":4,\"genre\":\"OUTCOME\",\"userId\":1,\"name\":\"Divertissement\",\"type\":\"ENTERTAINMENT\",\"imagePath\":\"1-Billy/categories/entertainment.png\",\"creationDate\":\"2024-07-01T12:29:31.000Z\",\"modificationDate\":\"2024-07-01T12:29:31.000Z\"},\"subCategory\":{\"id\":56,\"userId\":1,\"categoryId\":4,\"name\":\"OnlyFans\",\"type\":\"onlyfans\",\"imagePath\":\"1-Billy/subcategories/onlyfans.png\",\"creationDate\":\"2024-08-23T16:56:43.000Z\",\"modificationDate\":\"2024-08-23T16:56:43.000Z\"},\"amount\":\"21.61\"}]','','','2024-09-27 08:00:00','EXPENSE','2024-09-28 11:38:05','2024-10-01 09:03:49',NULL,NULL),(221,1,11,'[{\"category\":{\"id\":12,\"genre\":\"INCOME\",\"userId\":1,\"name\":\"Revenus financier\",\"type\":\"FINANCIAL\",\"imagePath\":\"1-Billy/categories/financial.png\",\"creationDate\":\"2024-07-01T12:29:31.000Z\",\"modificationDate\":\"2024-07-01T12:29:31.000Z\"},\"subCategory\":{\"id\":33,\"userId\":1,\"categoryId\":12,\"name\":\"Revenues financiers\",\"type\":\"INCOME\",\"imagePath\":\"1-Billy/subcategories/financial.png\",\"creationDate\":\"2024-07-01T12:29:31.000Z\",\"modificationDate\":\"2024-07-01T12:29:31.000Z\",\"category\":{\"id\":12,\"genre\":\"INCOME\",\"userId\":1,\"name\":\"Revenus financier\",\"type\":\"FINANCIAL\",\"imagePath\":\"1-Billy/categories/financial.png\",\"creationDate\":\"2024-07-01T12:29:31.000Z\",\"modificationDate\":\"2024-07-01T12:29:31.000Z\"}},\"amount\":0.05375293}]',NULL,'Daily interest','2024-09-28 21:00:00','INTEREST','2024-09-28 21:00:00','2024-09-28 21:00:00',NULL,NULL),(222,1,11,'[{\"category\":{\"id\":12,\"genre\":\"INCOME\",\"userId\":1,\"name\":\"Revenus financier\",\"type\":\"FINANCIAL\",\"imagePath\":\"1-Billy/categories/financial.png\",\"creationDate\":\"2024-07-01T12:29:31.000Z\",\"modificationDate\":\"2024-07-01T12:29:31.000Z\"},\"subCategory\":{\"id\":33,\"userId\":1,\"categoryId\":12,\"name\":\"Revenues financiers\",\"type\":\"INCOME\",\"imagePath\":\"1-Billy/subcategories/financial.png\",\"creationDate\":\"2024-07-01T12:29:31.000Z\",\"modificationDate\":\"2024-07-01T12:29:31.000Z\",\"category\":{\"id\":12,\"genre\":\"INCOME\",\"userId\":1,\"name\":\"Revenus financier\",\"type\":\"FINANCIAL\",\"imagePath\":\"1-Billy/categories/financial.png\",\"creationDate\":\"2024-07-01T12:29:31.000Z\",\"modificationDate\":\"2024-07-01T12:29:31.000Z\"}},\"amount\":0.05375902}]',NULL,'Daily interest','2024-09-29 21:00:00','INTEREST','2024-09-29 21:00:00','2024-09-29 21:00:00',NULL,NULL),(223,3,15,'[{\"category\":{\"id\":33,\"genre\":\"OUTCOME\",\"userId\":3,\"name\":\"Maison\",\"type\":\"HOME\",\"imagePath\":\"3-Ferreira/categories/home.png\",\"creationDate\":\"2024-09-28T15:14:57.000Z\",\"modificationDate\":\"2024-09-28T15:14:57.000Z\"},\"subCategory\":{\"id\":112,\"userId\":3,\"categoryId\":33,\"name\":\"Maison\",\"type\":\"HOUSE\",\"imagePath\":\"3-Ferreira/subcategories/home.png\",\"creationDate\":\"2024-09-28T15:14:57.000Z\",\"modificationDate\":\"2024-09-28T15:14:57.000Z\"},\"amount\":\"23\"}]','','','2024-09-29 14:30:00','EXPENSE','2024-09-30 10:27:40','2024-09-30 10:27:40',NULL,NULL),(224,3,15,'[{\"category\":{\"id\":41,\"genre\":\"INCOME\",\"userId\":3,\"name\":\"Revenus\",\"type\":\"INCOME\",\"imagePath\":\"3-Ferreira/categories/income.png\",\"creationDate\":\"2024-09-28T15:14:57.000Z\",\"modificationDate\":\"2024-09-28T15:14:57.000Z\"},\"subCategory\":{\"id\":129,\"userId\":3,\"categoryId\":41,\"name\":\"Salaire\",\"type\":\"SALARY\",\"imagePath\":\"3-Ferreira/subcategories/salary.png\",\"creationDate\":\"2024-09-28T15:14:57.000Z\",\"modificationDate\":\"2024-09-28T15:14:57.000Z\"},\"amount\":\"1486.08\"}]','','','2024-09-30 20:49:18','INCOME','2024-09-30 20:49:30','2024-09-30 20:49:30',NULL,NULL),(225,1,11,'[{\"category\":{\"id\":12,\"genre\":\"INCOME\",\"userId\":1,\"name\":\"Revenus financier\",\"type\":\"FINANCIAL\",\"imagePath\":\"1-Billy/categories/financial.png\",\"creationDate\":\"2024-07-01T12:29:31.000Z\",\"modificationDate\":\"2024-07-01T12:29:31.000Z\"},\"subCategory\":{\"id\":33,\"userId\":1,\"categoryId\":12,\"name\":\"Revenues financiers\",\"type\":\"INCOME\",\"imagePath\":\"1-Billy/subcategories/financial.png\",\"creationDate\":\"2024-07-01T12:29:31.000Z\",\"modificationDate\":\"2024-07-01T12:29:31.000Z\",\"category\":{\"id\":12,\"genre\":\"INCOME\",\"userId\":1,\"name\":\"Revenus financier\",\"type\":\"FINANCIAL\",\"imagePath\":\"1-Billy/categories/financial.png\",\"creationDate\":\"2024-07-01T12:29:31.000Z\",\"modificationDate\":\"2024-07-01T12:29:31.000Z\"}},\"amount\":0.05770774}]',NULL,'Daily interest','2024-09-30 21:00:00','INTEREST','2024-09-30 21:00:00','2024-09-30 21:00:00',NULL,NULL),(226,1,2,'[{\"category\":{\"id\":13,\"genre\":\"INCOME\",\"userId\":1,\"name\":\"Revenus\",\"type\":\"INCOME\",\"imagePath\":\"1-Billy/categories/income.png\",\"creationDate\":\"2024-07-01T12:29:31.000Z\",\"modificationDate\":\"2024-07-01T12:29:31.000Z\"},\"subCategory\":{\"id\":34,\"userId\":1,\"categoryId\":13,\"name\":\"Salaire\",\"type\":\"SALARY\",\"imagePath\":\"1-Billy/subcategories/salary.png\",\"creationDate\":\"2024-07-01T12:29:31.000Z\",\"modificationDate\":\"2024-07-01T12:29:31.000Z\"},\"amount\":\"1884.98\"}]','','','2024-10-01 08:00:00','INCOME','2024-10-01 08:00:00','2024-10-01 08:21:22',NULL,1),(227,1,2,'[{\"category\":{\"id\":10,\"genre\":\"OUTCOME\",\"userId\":1,\"name\":\"Autre (Dépenses)\",\"type\":\"OTHER\",\"imagePath\":\"1-Billy/categories/other.png\",\"creationDate\":\"2024-07-01T12:29:31.000Z\",\"modificationDate\":\"2024-07-01T12:29:31.000Z\"},\"subCategory\":{\"id\":31,\"userId\":1,\"categoryId\":10,\"name\":\"Impôts\",\"type\":\"TAX\",\"imagePath\":\"1-Billy/subcategories/tax.png\",\"creationDate\":\"2024-07-01T12:29:31.000Z\",\"modificationDate\":\"2024-07-01T12:29:31.000Z\"},\"amount\":\"106\"}]','','','2024-09-26 10:00:00','EXPENSE','2024-10-01 08:17:51','2024-10-01 08:17:51',NULL,NULL);
/*!40000 ALTER TABLE `TRANSACTION` ENABLE KEYS */;
UNLOCK TABLES;

--
-- Table structure for table `TRANSFER`
--

DROP TABLE IF EXISTS `TRANSFER`;
/*!40101 SET @saved_cs_client     = @@character_set_client */;
/*!50503 SET character_set_client = utf8mb4 */;
CREATE TABLE `TRANSFER` (
  `ID` int(20) NOT NULL AUTO_INCREMENT,
  `USER_ID` int(20) NOT NULL,
  `SENDER_ID` int(20) NOT NULL,
  `RECEIVER_ID` int(20) NOT NULL,
  `AMOUNT` text DEFAULT NULL,
  `OTHER` text DEFAULT NULL,
  `TRANSFER_DATE` datetime NOT NULL,
  `CREATION_DATE` datetime NOT NULL,
  `MODIFICATION_DATE` datetime DEFAULT NULL,
  `DELETED_ON` datetime DEFAULT NULL,
  `IS_PLANNED` int(20) DEFAULT NULL,
  PRIMARY KEY (`ID`),
  KEY `USER_ID` (`USER_ID`),
  KEY `SENDER_ID` (`SENDER_ID`),
  KEY `RECEIVER_ID` (`RECEIVER_ID`),
  CONSTRAINT `TRANSFER_ibfk_1` FOREIGN KEY (`USER_ID`) REFERENCES `USER` (`ID`) ON DELETE CASCADE,
  CONSTRAINT `TRANSFER_ibfk_2` FOREIGN KEY (`SENDER_ID`) REFERENCES `ACCOUNT` (`ID`) ON DELETE CASCADE,
  CONSTRAINT `TRANSFER_ibfk_3` FOREIGN KEY (`RECEIVER_ID`) REFERENCES `ACCOUNT` (`ID`) ON DELETE CASCADE
) ENGINE=InnoDB AUTO_INCREMENT=21 DEFAULT CHARSET=utf8mb4 COLLATE=utf8mb4_general_ci;
/*!40101 SET character_set_client = @saved_cs_client */;

--
-- Dumping data for table `TRANSFER`
--

LOCK TABLES `TRANSFER` WRITE;
/*!40000 ALTER TABLE `TRANSFER` DISABLE KEYS */;
INSERT INTO `TRANSFER` VALUES (1,1,2,5,'750','','2024-07-05 08:00:00','2024-07-05 08:00:00','2024-06-19 11:56:44',NULL,NULL),(2,1,2,8,'100','','2024-07-05 08:00:00','2024-07-05 08:00:00','2024-06-19 11:56:44',NULL,NULL),(3,1,2,11,'35','0','2024-07-08 08:56:00','2024-07-08 08:56:00','2024-07-08 08:56:00',NULL,NULL),(4,1,2,11,'35','0','2024-07-15 08:00:00','2024-07-15 08:00:00','2024-07-15 08:00:00',NULL,NULL),(5,1,2,11,'35','0','2024-07-22 08:00:00','2024-07-22 08:00:00','2024-07-22 08:00:00',NULL,NULL),(6,1,2,11,'35','0','2024-07-29 08:00:00','2024-07-29 08:00:00','2024-07-29 08:00:00',NULL,NULL),(7,1,2,11,'35','0','2024-08-05 08:00:00','2024-08-05 08:00:00','2024-08-05 08:00:00',NULL,1),(8,1,2,5,'750','','2024-08-05 08:00:00','2024-08-05 08:00:00','2024-06-19 11:56:44',NULL,NULL),(9,1,2,8,'100','','2024-08-05 08:00:00','2024-08-05 08:00:00','2024-06-19 11:56:44',NULL,NULL),(10,1,2,11,'35','0','2024-08-12 08:00:00','2024-08-12 08:00:00','2024-08-12 08:00:00',NULL,1),(11,1,2,11,'35','0','2024-08-19 08:00:00','2024-08-19 08:00:00','2024-08-19 08:00:00',NULL,1),(12,1,2,11,'35','0','2024-08-26 08:00:00','2024-08-26 08:00:00','2024-08-26 08:00:00',NULL,1),(13,1,2,11,'35','0','2024-09-02 08:00:00','2024-09-02 08:00:00','2024-09-02 08:00:00',NULL,1),(14,1,2,5,'750','0','2024-09-05 08:00:00','2024-09-05 08:00:00','2024-09-05 08:00:00',NULL,1),(15,1,2,8,'100','0','2024-09-05 08:00:00','2024-09-05 08:00:00','2024-09-05 08:00:00',NULL,1),(16,1,2,11,'35','0','2024-09-09 08:00:00','2024-09-09 08:00:00','2024-09-09 08:00:00',NULL,1),(17,1,2,11,'35','0','2024-09-16 08:00:00','2024-09-16 08:00:00','2024-09-16 08:00:00',NULL,1),(18,1,2,11,'35','0','2024-09-23 08:00:00','2024-09-23 08:00:00','2024-09-23 08:00:00',NULL,1),(19,1,2,11,'35','0','2024-09-30 08:00:00','2024-09-30 08:00:00','2024-09-30 08:00:00',NULL,1);
/*!40000 ALTER TABLE `TRANSFER` ENABLE KEYS */;
UNLOCK TABLES;

--
-- Table structure for table `USER`
--

DROP TABLE IF EXISTS `USER`;
/*!40101 SET @saved_cs_client     = @@character_set_client */;
/*!50503 SET character_set_client = utf8mb4 */;
CREATE TABLE `USER` (
  `ID` int(20) NOT NULL AUTO_INCREMENT,
  `CIVILITY` enum('MADAME','MONSIEUR') NOT NULL DEFAULT 'MADAME',
  `FIRST_NAME` varchar(45) NOT NULL,
  `LAST_NAME` varchar(45) NOT NULL,
  `EMAIL` varchar(100) NOT NULL,
  `PASSWORD` varchar(100) NOT NULL,
  `CREATION_DATE` datetime NOT NULL,
  `MODIFICATION_DATE` datetime DEFAULT NULL,
  PRIMARY KEY (`ID`),
  UNIQUE KEY `EMAIL` (`EMAIL`)
) ENGINE=InnoDB AUTO_INCREMENT=4 DEFAULT CHARSET=utf8mb4 COLLATE=utf8mb4_general_ci;
/*!40101 SET character_set_client = @saved_cs_client */;

--
-- Dumping data for table `USER`
--

LOCK TABLES `USER` WRITE;
/*!40000 ALTER TABLE `USER` DISABLE KEYS */;
INSERT INTO `USER` VALUES (1,'MONSIEUR','Erwan','Billy','erwan.billy@hotmail.fr','$2b$10$SIfSyk18vN5h0tsaqsFzH.X6f.k5z/ur9ZyRg5ALfuP5lA0rzHiUi','2024-07-01 12:29:30','2024-07-01 12:29:30'),(2,'MONSIEUR','patrice','vilayhongs','bspdelamortsdu71@hotmail.fr','$2b$10$48WPmEw4bMGONj94ZBWg5.x/yWp8TJtYmu9s/n9flUlRZLrISQ6Xu','2024-09-03 17:08:26','2024-09-03 17:08:26'),(3,'MONSIEUR','Evan','Ferreira','ferreira.evan@hotmail.fr','$2b$10$5d.Q88.vWBDHLL0Zgo9QfuO3VtIkC5HofX8YrgxEwGMXuUnjaxR5u','2024-09-28 15:14:57','2024-09-28 15:14:57');
/*!40000 ALTER TABLE `USER` ENABLE KEYS */;
UNLOCK TABLES;

--
-- Dumping routines for database 'ultrafastbudget'
--
/*!40103 SET TIME_ZONE=@OLD_TIME_ZONE */;

/*!40101 SET SQL_MODE=@OLD_SQL_MODE */;
/*!40014 SET FOREIGN_KEY_CHECKS=@OLD_FOREIGN_KEY_CHECKS */;
/*!40014 SET UNIQUE_CHECKS=@OLD_UNIQUE_CHECKS */;
/*!40101 SET CHARACTER_SET_CLIENT=@OLD_CHARACTER_SET_CLIENT */;
/*!40101 SET CHARACTER_SET_RESULTS=@OLD_CHARACTER_SET_RESULTS */;
/*!40101 SET COLLATION_CONNECTION=@OLD_COLLATION_CONNECTION */;
/*!40111 SET SQL_NOTES=@OLD_SQL_NOTES */;

-- Dump completed on 2024-10-01 11:10:54
